SQL> 
SQL> CL SCR

SQL> REM JOINS :
SQL> 
SQL> REM JOINING A ROW OF A TABLE WITH ANOTHER ROW OF SAME OR DIFFERENT TABLE.
SQL> 
SQL> SET LINES 200 PAGES 24
SQL> 
SQL> SELECT * FROM DEPARTMENTS;

DEPARTMENT_ID DEPARTMENT_NAME                MANAGER_ID LOCATION_ID                                                                                                                                     
------------- ------------------------------ ---------- -----------                                                                                                                                     
           10 Administration                        200        1700                                                                                                                                     
           20 Marketing                             201        1800                                                                                                                                     
           50 Shiping                               124        1500                                                                                                                                     
           60 IT                                    103        1400                                                                                                                                     
           80 Sales                                 149        2500                                                                                                                                     
           90 Executive                             100        1700                                                                                                                                     
          110 Accounting                            205        1700                                                                                                                                     
          190 Contracting                                      1700                                                                                                                                     

8 rows selected.

SQL> SELECT * FROM LOCATIONS;

LOCATION_ID STREET_ADRESS                            POSTAL_CODE  CITY                           STATE_PROVINCE            CO                                                                           
----------- ---------------------------------------- ------------ ------------------------------ ------------------------- --                                                                           
       1400 2014 Jabberwocky Rd                      26192        Southlake                      Texas                     US                                                                           
       1500 2011 Interiors Blvd                      99236        South San Francisco            California                US                                                                           
       1700 2004 Charade Rd                          98199        Seattle                        Washington                US                                                                           
       1800 460 Bloor St. W.                         ON M5S 1X8   Toronto                        Ontario                   CA                                                                           
       2500 Magdalen Centre, The Oxford Science Park OX9 9ZB      Oxford                         Oxford                    UK                                                                           

SQL> REM ORACLE SUPPORTS 4 TYPES OF JOINS.
SQL> 
SQL> REM 1 NATURAL 2 CROSS 3 INNER (DEFAULT) 4 OUTER
SQL> 
SQL> REM SYNTAX OF SELECT : SELECT ... FROM ... WHERE ... GROUP BY / HAVING ... ORDER BY ... OFFSET ... FETCH ...;
SQL> 
SQL> REM SYNTAX FOR NATURAL JOIN : FROM TABLE1 NATURAL JOIN TABLE2
SQL> 
SQL> REM SYNTAX FOR CROSS   JOIN : FROM TABLE1 CROSS   JOIN TABLE2
SQL> 
SQL> REM SYNTAX 1 FOR INNER JOIN : FROM TABLE1 INNER JOIN TABLE2 USING (COMMON COLUMN LIST)
SQL> 
SQL> REM SYNTAX 2 FOR INNER JOIN : FROM TABLE1 INNER JOIN TABLE2 ON JOIN CONDITION(S)
SQL> 
SQL> REM SYNTAX 1 FOR OUTER JOIN : FROM TABLE1 LEFT / RIGHT / FULL OUTER JOIN TABLE2 USING (COMMON COLUMN LIST)
SQL> 
SQL> REM SYNTAX 2 FOR OUTER JOIN : FROM TABLE1 LEFT / RIGHT / FULL OUTER JOIN TABLE2 ON JOIN CONDITION(S)
SQL> 
SQL> 
SQL> 
SQL> REM SYNTAX FOR NATURAL JOIN : FROM TABLE1 NATURAL JOIN TABLE2
SQL> 
SQL> REM PRE-REQUISITES : BOTH TABLES MUST HAVE AT LEAST SINGLE COMMON COLUMN, SAME DATA TYPE, SIMILARY VALUES STORED, THEIR MEANINGS MUST BE SAME
SQL> 
SQL> SELECT * FROM DEPARTMENTS;

DEPARTMENT_ID DEPARTMENT_NAME                MANAGER_ID LOCATION_ID                                                                                                                                     
------------- ------------------------------ ---------- -----------                                                                                                                                     
           10 Administration                        200        1700                                                                                                                                     
           20 Marketing                             201        1800                                                                                                                                     
           50 Shiping                               124        1500                                                                                                                                     
           60 IT                                    103        1400                                                                                                                                     
           80 Sales                                 149        2500                                                                                                                                     
           90 Executive                             100        1700                                                                                                                                     
          110 Accounting                            205        1700                                                                                                                                     
          190 Contracting                                      1700                                                                                                                                     

8 rows selected.

SQL> SELECT * FROM LOCATIONS;

LOCATION_ID STREET_ADRESS                            POSTAL_CODE  CITY                           STATE_PROVINCE            CO                                                                           
----------- ---------------------------------------- ------------ ------------------------------ ------------------------- --                                                                           
       1400 2014 Jabberwocky Rd                      26192        Southlake                      Texas                     US                                                                           
       1500 2011 Interiors Blvd                      99236        South San Francisco            California                US                                                                           
       1700 2004 Charade Rd                          98199        Seattle                        Washington                US                                                                           
       1800 460 Bloor St. W.                         ON M5S 1X8   Toronto                        Ontario                   CA                                                                           
       2500 Magdalen Centre, The Oxford Science Park OX9 9ZB      Oxford                         Oxford                    UK                                                                           

SQL> DESC DEPARTMENTS
 Name                                                                                                              Null?    Type
 ----------------------------------------------------------------------------------------------------------------- -------- ----------------------------------------------------------------------------
 DEPARTMENT_ID                                                                                                     NOT NULL NUMBER(4)
 DEPARTMENT_NAME                                                                                                   NOT NULL VARCHAR2(30)
 MANAGER_ID                                                                                                                 NUMBER(6)
 LOCATION_ID                                                                                                                NUMBER(4)

SQL> DESC LOCATIONS
 Name                                                                                                              Null?    Type
 ----------------------------------------------------------------------------------------------------------------- -------- ----------------------------------------------------------------------------
 LOCATION_ID                                                                                                       NOT NULL NUMBER(4)
 STREET_ADRESS                                                                                                              VARCHAR2(40)
 POSTAL_CODE                                                                                                                VARCHAR2(12)
 CITY                                                                                                              NOT NULL VARCHAR2(30)
 STATE_PROVINCE                                                                                                             VARCHAR2(25)
 COUNTRY_ID                                                                                                                 CHAR(2)

SQL> SELECT * FROM EMPLOYEES;

EMPLOYEE_ID FIRST_NAME      LAST_NAME       EMAIL      PHONE_NUMBER         HIRE_DATE JOB_ID         SALARY COMMISSION_PCT MANAGER_ID DEPARTMENT_ID                                                     
----------- --------------- --------------- ---------- -------------------- --------- ---------- ---------- -------------- ---------- -------------                                                     
        100 Steven          King            SKING      515.123.4567         17-JUL-87 AD_PRES         24000                                      90                                                     
        101 Neena           Kochhar         NKOCHHAR   515.123.4568         21-SEP-89 AD_VP           17000                       100            90                                                     
        102 Lex             De Haan         LDEHAAN    515.123.4569         13-JAN-93 AD_VP           17000                       100            90                                                     
        103 Alexander       Hunold          AHUNOLD    590.423.4567         03-JAN-90 IT_PROG          9000                       102            60                                                     
        104 Bruce           Ernst           BERNST     590.423.4568         21-MAY-91 IT_PROG          6000                       103            60                                                     
        107 Diana           Lorentz         DLORENTZ   590.423.5567         07-FEB-99 IT_PROG          4200                       103            60                                                     
        124 Kevin           Mourgos         KMOURGOS   650.123.5234         16-NOV-99 ST_MAN           5800                       100            50                                                     
        141 Trenna          Rajs            TRAJS      650.121.8009         17-OCT-95 ST_CLERK         3500                       124            50                                                     
        142 Curtis          Davies          CDAVIES    650.121.2994         29-JAN-97 ST_CLERK         3100                       124            50                                                     
        143 Randall         Matos           RMATOS     650.121.2874         15-MAR-98 ST_CLERK         2600                       124            50                                                     
        144 Peter           Vargas          PVARGAS    650.121.2004         09-JUL-98 ST_CLERK         2500                       124            50                                                     
        149 Eleni           Zlotkey         EZLOTKEY   011.44.1344.429018   29-JAN-00 SA_MAN          10500             .2        100            80                                                     
        174 Ellen           Abel            EABEL      011.44.1644.429267   11-MAY-96 SA_REP          11000             .3        149            80                                                     
        176 Jonathon        Taylor          JTAYLOR    011.44.1644.429265   24-MAR-98 SA_REP           8600             .3        149            80                                                     
        178 Kimerely        Grant           KGRANT     011.44.1644.429263   24-MAY-99 SA_REP           7000            .15        149                                                                   
        200 Jennifer        Whalen          JWHALEN    515.123.4444         17-SEP-87 AD_ASST          4400                       101            10                                                     
        201 Michael         Hartstein       MHARTSTE   515.123.5555         17-FEB-96 MK_MAN          13000                       100            20                                                     
        202 Pat             Fay             PFAY       603.123.6666         17-AUG-97 MK_REP           6000                       201            20                                                     
        205 Shelley         Higgins         SHIGGINS   515.123.8080         07-JUN-94 AC_MGR          12000                       101           110                                                     
        206 William         Gietz           WGIETZ     515.123.8181         07-JUN-94 AC_ACCOUNT       8300                       205           110                                                     

20 rows selected.

SQL> SELECT * FROM DEPARTMENTS;

DEPARTMENT_ID DEPARTMENT_NAME                MANAGER_ID LOCATION_ID                                                                                                                                     
------------- ------------------------------ ---------- -----------                                                                                                                                     
           10 Administration                        200        1700                                                                                                                                     
           20 Marketing                             201        1800                                                                                                                                     
           50 Shiping                               124        1500                                                                                                                                     
           60 IT                                    103        1400                                                                                                                                     
           80 Sales                                 149        2500                                                                                                                                     
           90 Executive                             100        1700                                                                                                                                     
          110 Accounting                            205        1700                                                                                                                                     
          190 Contracting                                      1700                                                                                                                                     

8 rows selected.

SQL> REM E D L C R
SQL> 
SQL> 
SQL> REM EMPLOYEES    DEPARTMENTS     LOCATIONS    COUNTRIES     REGIONS
SQL> 
SQL> REM     DEPARTMENT_ID    LOCATION_ID   COUNTRY_ID    REGION_ID
SQL> 
SQL> REM      MANAGER_ID
SQL> 
SQL> 
SQL> 
SQL> SELECT * FROM DEPARTMENTS;

DEPARTMENT_ID DEPARTMENT_NAME                MANAGER_ID LOCATION_ID                                                                                                                                     
------------- ------------------------------ ---------- -----------                                                                                                                                     
           10 Administration                        200        1700                                                                                                                                     
           20 Marketing                             201        1800                                                                                                                                     
           50 Shiping                               124        1500                                                                                                                                     
           60 IT                                    103        1400                                                                                                                                     
           80 Sales                                 149        2500                                                                                                                                     
           90 Executive                             100        1700                                                                                                                                     
          110 Accounting                            205        1700                                                                                                                                     
          190 Contracting                                      1700                                                                                                                                     

8 rows selected.

SQL> SELECT * FROM LOCATIONS;

LOCATION_ID STREET_ADRESS                            POSTAL_CODE  CITY                           STATE_PROVINCE            CO                                                                           
----------- ---------------------------------------- ------------ ------------------------------ ------------------------- --                                                                           
       1400 2014 Jabberwocky Rd                      26192        Southlake                      Texas                     US                                                                           
       1500 2011 Interiors Blvd                      99236        South San Francisco            California                US                                                                           
       1700 2004 Charade Rd                          98199        Seattle                        Washington                US                                                                           
       1800 460 Bloor St. W.                         ON M5S 1X8   Toronto                        Ontario                   CA                                                                           
       2500 Magdalen Centre, The Oxford Science Park OX9 9ZB      Oxford                         Oxford                    UK                                                                           

SQL> REM E D L C R
SQL> 
SQL> REM DEPARTMENT_NAME , CITY
SQL> 
SQL> REM DEPARTMENTS       LOCATIONS
SQL> 
SQL> SELECT DEPARTMENT_NAME , CITY
  2  FROM DEPARTMENTS
  3  NATURAL JOIN LOCATIONS;

DEPARTMENT_NAME                CITY                                                                                                                                                                     
------------------------------ ------------------------------                                                                                                                                           
Administration                 Seattle                                                                                                                                                                  
Marketing                      Toronto                                                                                                                                                                  
Shiping                        South San Francisco                                                                                                                                                      
IT                             Southlake                                                                                                                                                                
Sales                          Oxford                                                                                                                                                                   
Executive                      Seattle                                                                                                                                                                  
Accounting                     Seattle                                                                                                                                                                  
Contracting                    Seattle                                                                                                                                                                  

8 rows selected.

SQL> SELECT * FROM LOCATIONS;

LOCATION_ID STREET_ADRESS                            POSTAL_CODE  CITY                           STATE_PROVINCE            CO                                                                           
----------- ---------------------------------------- ------------ ------------------------------ ------------------------- --                                                                           
       1400 2014 Jabberwocky Rd                      26192        Southlake                      Texas                     US                                                                           
       1500 2011 Interiors Blvd                      99236        South San Francisco            California                US                                                                           
       1700 2004 Charade Rd                          98199        Seattle                        Washington                US                                                                           
       1800 460 Bloor St. W.                         ON M5S 1X8   Toronto                        Ontario                   CA                                                                           
       2500 Magdalen Centre, The Oxford Science Park OX9 9ZB      Oxford                         Oxford                    UK                                                                           

SQL> SELECT * FROM COUNTRIES;

CO COUNTRY_NAME                              REGION_ID                                                                                                                                                  
-- ---------------------------------------- ----------                                                                                                                                                  
CA Canada                                            2                                                                                                                                                  
DE Germany                                           1                                                                                                                                                  
UK United Kingdom                                    1                                                                                                                                                  
US United States of America                          2                                                                                                                                                  

SQL> REM CITY , STATE_PROVINCE , COUNTRY_NAME
SQL> 
SQL> REM E D L C R
SQL> 
SQL> SELECT CITY , STATE_PROVINCE , COUNTRY_NAME
  2  FROM LOCATIONS
  3  NATURAL JOIN COUNTRIES;

CITY                           STATE_PROVINCE            COUNTRY_NAME                                                                                                                                   
------------------------------ ------------------------- ----------------------------------------                                                                                                       
Southlake                      Texas                     United States of America                                                                                                                       
South San Francisco            California                United States of America                                                                                                                       
Seattle                        Washington                United States of America                                                                                                                       
Toronto                        Ontario                   Canada                                                                                                                                         
Oxford                         Oxford                    United Kingdom                                                                                                                                 

SQL> SELECT * FROM COUNTRIES;

CO COUNTRY_NAME                              REGION_ID                                                                                                                                                  
-- ---------------------------------------- ----------                                                                                                                                                  
CA Canada                                            2                                                                                                                                                  
DE Germany                                           1                                                                                                                                                  
UK United Kingdom                                    1                                                                                                                                                  
US United States of America                          2                                                                                                                                                  

SQL> SELECT * FROM REGIONS;

 REGION_ID REGION_NAME                                                                                                                                                                                  
---------- -------------------------                                                                                                                                                                    
         1 Europe                                                                                                                                                                                       
         2 Americas                                                                                                                                                                                     
         3 Asia                                                                                                                                                                                         
         4 Middle East and Africa                                                                                                                                                                       

SQL> REM REGION_NAME , COUNTRY_NAME
SQL> 
SQL> SELECT REGION_NAME , COUNTRY_NAME
  2  FROM COUNTRIES
  3  NATURAL JOIN REGIONS;

REGION_NAME               COUNTRY_NAME                                                                                                                                                                  
------------------------- ----------------------------------------                                                                                                                                      
Europe                    Germany                                                                                                                                                                       
Europe                    United Kingdom                                                                                                                                                                
Americas                  Canada                                                                                                                                                                        
Americas                  United States of America                                                                                                                                                      

SQL> SELECT * FROM COUNTRIES;

CO COUNTRY_NAME                              REGION_ID                                                                                                                                                  
-- ---------------------------------------- ----------                                                                                                                                                  
CA Canada                                            2                                                                                                                                                  
DE Germany                                           1                                                                                                                                                  
UK United Kingdom                                    1                                                                                                                                                  
US United States of America                          2                                                                                                                                                  

SQL> SELECT * FROM REGIONS;

 REGION_ID REGION_NAME                                                                                                                                                                                  
---------- -------------------------                                                                                                                                                                    
         1 Europe                                                                                                                                                                                       
         2 Americas                                                                                                                                                                                     
         3 Asia                                                                                                                                                                                         
         4 Middle East and Africa                                                                                                                                                                       

SQL> SELECT *
  2  FROM COUNTRIES
  3  NATURAL JOIN REGIONS;

 REGION_ID CO COUNTRY_NAME                             REGION_NAME                                                                                                                                      
---------- -- ---------------------------------------- -------------------------                                                                                                                        
         1 DE Germany                                  Europe                                                                                                                                           
         1 UK United Kingdom                           Europe                                                                                                                                           
         2 CA Canada                                   Americas                                                                                                                                         
         2 US United States of America                 Americas                                                                                                                                         

SQL> SELECT *
  2  FROM REGIONS
  3  NATURAL JOIN COUNTRIES;

 REGION_ID REGION_NAME               CO COUNTRY_NAME                                                                                                                                                    
---------- ------------------------- -- ----------------------------------------                                                                                                                        
         2 Americas                  CA Canada                                                                                                                                                          
         1 Europe                    DE Germany                                                                                                                                                         
         1 Europe                    UK United Kingdom                                                                                                                                                  
         2 Americas                  US United States of America                                                                                                                                        

SQL> SELECT * FROM DEPARTMENTS;

DEPARTMENT_ID DEPARTMENT_NAME                MANAGER_ID LOCATION_ID                                                                                                                                     
------------- ------------------------------ ---------- -----------                                                                                                                                     
           10 Administration                        200        1700                                                                                                                                     
           20 Marketing                             201        1800                                                                                                                                     
           50 Shiping                               124        1500                                                                                                                                     
           60 IT                                    103        1400                                                                                                                                     
           80 Sales                                 149        2500                                                                                                                                     
           90 Executive                             100        1700                                                                                                                                     
          110 Accounting                            205        1700                                                                                                                                     
          190 Contracting                                      1700                                                                                                                                     

8 rows selected.

SQL> SELECT * FROM LOCATIONS;

LOCATION_ID STREET_ADRESS                            POSTAL_CODE  CITY                           STATE_PROVINCE            CO                                                                           
----------- ---------------------------------------- ------------ ------------------------------ ------------------------- --                                                                           
       1400 2014 Jabberwocky Rd                      26192        Southlake                      Texas                     US                                                                           
       1500 2011 Interiors Blvd                      99236        South San Francisco            California                US                                                                           
       1700 2004 Charade Rd                          98199        Seattle                        Washington                US                                                                           
       1800 460 Bloor St. W.                         ON M5S 1X8   Toronto                        Ontario                   CA                                                                           
       2500 Magdalen Centre, The Oxford Science Park OX9 9ZB      Oxford                         Oxford                    UK                                                                           

SQL> SELECT * FROM COUNTRIES;

CO COUNTRY_NAME                              REGION_ID                                                                                                                                                  
-- ---------------------------------------- ----------                                                                                                                                                  
CA Canada                                            2                                                                                                                                                  
DE Germany                                           1                                                                                                                                                  
UK United Kingdom                                    1                                                                                                                                                  
US United States of America                          2                                                                                                                                                  

SQL> REM DEPARTMENT_NAME , CITY , STATE_PROVINCE , COUNTRY_NAME
SQL> 
SQL> 
SQL> 
SQL> 
SQL> REM EMPLOYEES : FIRST_NAME , LAST_NAME , SALARY , HIRE_DATE , JOB_ID
SQL> 
SQL> REM DEPARTMENTS : DEPARTMENT_NAME
SQL> 
SQL> REM LOCATIONS : CITY , STATE_PROVINCE
SQL> 
SQL> REM COUNTRIES : COUNTRY_NAME
SQL> 
SQL> REM REGIONS : REGION_NAME
SQL> 
SQL> 
SQL> 
SQL> REM DEPARTMENT_NAME , CITY , STATE_PROVINCE , COUNTRY_NAME
SQL> 
SQL> REM DEPARTMENTS       LOCATIONS               COUNTRIES
SQL> 
SQL> REM E D L C R
SQL> 
SQL> SELECTG DEPARTMENT_NAME , CITY , STATE_PROVINCE , COUNTRY_NAME
SP2-0734: unknown command beginning "SELECTG DE..." - rest of line ignored.
SQL> 
SQL> SELECT DEPARTMENT_NAME , CITY , STATE_PROVINCE , COUNTRY_NAME
  2  FROM DEPARTMENTS
  3  NATURAL JOIN LOCATIONS
  4  NATURAL JOIN COUNTRIES;

DEPARTMENT_NAME                CITY                           STATE_PROVINCE            COUNTRY_NAME                                                                                                    
------------------------------ ------------------------------ ------------------------- ----------------------------------------                                                                        
Administration                 Seattle                        Washington                United States of America                                                                                        
Marketing                      Toronto                        Ontario                   Canada                                                                                                          
Shiping                        South San Francisco            California                United States of America                                                                                        
IT                             Southlake                      Texas                     United States of America                                                                                        
Sales                          Oxford                         Oxford                    United Kingdom                                                                                                  
Executive                      Seattle                        Washington                United States of America                                                                                        
Accounting                     Seattle                        Washington                United States of America                                                                                        
Contracting                    Seattle                        Washington                United States of America                                                                                        

8 rows selected.

SQL> SELECT * FROM DEPARTMENTS;

DEPARTMENT_ID DEPARTMENT_NAME                MANAGER_ID LOCATION_ID                                                                                                                                     
------------- ------------------------------ ---------- -----------                                                                                                                                     
           10 Administration                        200        1700                                                                                                                                     
           20 Marketing                             201        1800                                                                                                                                     
           50 Shiping                               124        1500                                                                                                                                     
           60 IT                                    103        1400                                                                                                                                     
           80 Sales                                 149        2500                                                                                                                                     
           90 Executive                             100        1700                                                                                                                                     
          110 Accounting                            205        1700                                                                                                                                     
          190 Contracting                                      1700                                                                                                                                     

8 rows selected.

SQL> SELECT * FROM LOCATIONS;

LOCATION_ID STREET_ADRESS                            POSTAL_CODE  CITY                           STATE_PROVINCE            CO                                                                           
----------- ---------------------------------------- ------------ ------------------------------ ------------------------- --                                                                           
       1400 2014 Jabberwocky Rd                      26192        Southlake                      Texas                     US                                                                           
       1500 2011 Interiors Blvd                      99236        South San Francisco            California                US                                                                           
       1700 2004 Charade Rd                          98199        Seattle                        Washington                US                                                                           
       1800 460 Bloor St. W.                         ON M5S 1X8   Toronto                        Ontario                   CA                                                                           
       2500 Magdalen Centre, The Oxford Science Park OX9 9ZB      Oxford                         Oxford                    UK                                                                           

SQL> SELECT * FROM COUNTRIES;

CO COUNTRY_NAME                              REGION_ID                                                                                                                                                  
-- ---------------------------------------- ----------                                                                                                                                                  
CA Canada                                            2                                                                                                                                                  
DE Germany                                           1                                                                                                                                                  
UK United Kingdom                                    1                                                                                                                                                  
US United States of America                          2                                                                                                                                                  

SQL> SELECT * FROM LOCATIONS;

LOCATION_ID STREET_ADRESS                            POSTAL_CODE  CITY                           STATE_PROVINCE            CO                                                                           
----------- ---------------------------------------- ------------ ------------------------------ ------------------------- --                                                                           
       1400 2014 Jabberwocky Rd                      26192        Southlake                      Texas                     US                                                                           
       1500 2011 Interiors Blvd                      99236        South San Francisco            California                US                                                                           
       1700 2004 Charade Rd                          98199        Seattle                        Washington                US                                                                           
       1800 460 Bloor St. W.                         ON M5S 1X8   Toronto                        Ontario                   CA                                                                           
       2500 Magdalen Centre, The Oxford Science Park OX9 9ZB      Oxford                         Oxford                    UK                                                                           

SQL> SELECT * FROM COUNTRIES;

CO COUNTRY_NAME                              REGION_ID                                                                                                                                                  
-- ---------------------------------------- ----------                                                                                                                                                  
CA Canada                                            2                                                                                                                                                  
DE Germany                                           1                                                                                                                                                  
UK United Kingdom                                    1                                                                                                                                                  
US United States of America                          2                                                                                                                                                  

SQL> SELECT * FROM REGIONS;

 REGION_ID REGION_NAME                                                                                                                                                                                  
---------- -------------------------                                                                                                                                                                    
         1 Europe                                                                                                                                                                                       
         2 Americas                                                                                                                                                                                     
         3 Asia                                                                                                                                                                                         
         4 Middle East and Africa                                                                                                                                                                       

SQL> REM CITY , COUNTRY_NAME , REGION_NAME
SQL> 
SQL> SELECT CITY, COUNTRY_NAME, REGION_NAME FROM LOCATIONS NATURAL JOIN COUNTRIES NATURAL JOIN REGIONS;

CITY                           COUNTRY_NAME                             REGION_NAME                                                                                                                     
------------------------------ ---------------------------------------- -------------------------                                                                                                       
Southlake                      United States of America                 Americas                                                                                                                        
South San Francisco            United States of America                 Americas                                                                                                                        
Seattle                        United States of America                 Americas                                                                                                                        
Toronto                        Canada                                   Americas                                                                                                                        
Oxford                         United Kingdom                           Europe                                                                                                                          

SQL> REM CITY , REGION_NAME , DEPARTMENT_NAME , STATE_PROVINCE , COUNTRY_NAME
SQL> 
SQL> SELECT CITY , REGION_NAME , DEPARTMENT_NAME , STATE_PROVINCE , COUNTRY_NAME
  2  FROM DEPARTMENTS
  3  NATURAL JOIN LOCATIONS
  4  NATURAL JOIN COUNTRIES
  5  NATURAL JOIN REGIONS;

CITY                           REGION_NAME               DEPARTMENT_NAME                STATE_PROVINCE            COUNTRY_NAME                                                                          
------------------------------ ------------------------- ------------------------------ ------------------------- ----------------------------------------                                              
Seattle                        Americas                  Administration                 Washington                United States of America                                                              
Toronto                        Americas                  Marketing                      Ontario                   Canada                                                                                
South San Francisco            Americas                  Shiping                        California                United States of America                                                              
Southlake                      Americas                  IT                             Texas                     United States of America                                                              
Oxford                         Europe                    Sales                          Oxford                    United Kingdom                                                                        
Seattle                        Americas                  Executive                      Washington                United States of America                                                              
Seattle                        Americas                  Accounting                     Washington                United States of America                                                              
Seattle                        Americas                  Contracting                    Washington                United States of America                                                              

8 rows selected.

SQL> SELECT * FROM DEPARTMENTS;

DEPARTMENT_ID DEPARTMENT_NAME                MANAGER_ID LOCATION_ID                                                                                                                                     
------------- ------------------------------ ---------- -----------                                                                                                                                     
           10 Administration                        200        1700                                                                                                                                     
           20 Marketing                             201        1800                                                                                                                                     
           50 Shiping                               124        1500                                                                                                                                     
           60 IT                                    103        1400                                                                                                                                     
           80 Sales                                 149        2500                                                                                                                                     
           90 Executive                             100        1700                                                                                                                                     
          110 Accounting                            205        1700                                                                                                                                     
          190 Contracting                                      1700                                                                                                                                     

8 rows selected.

SQL> SELECT * FROM LOCATIONS;

LOCATION_ID STREET_ADRESS                            POSTAL_CODE  CITY                           STATE_PROVINCE            CO                                                                           
----------- ---------------------------------------- ------------ ------------------------------ ------------------------- --                                                                           
       1400 2014 Jabberwocky Rd                      26192        Southlake                      Texas                     US                                                                           
       1500 2011 Interiors Blvd                      99236        South San Francisco            California                US                                                                           
       1700 2004 Charade Rd                          98199        Seattle                        Washington                US                                                                           
       1800 460 Bloor St. W.                         ON M5S 1X8   Toronto                        Ontario                   CA                                                                           
       2500 Magdalen Centre, The Oxford Science Park OX9 9ZB      Oxford                         Oxford                    UK                                                                           

SQL> SELECT * FROM COUNTRIES;

CO COUNTRY_NAME                              REGION_ID                                                                                                                                                  
-- ---------------------------------------- ----------                                                                                                                                                  
CA Canada                                            2                                                                                                                                                  
DE Germany                                           1                                                                                                                                                  
UK United Kingdom                                    1                                                                                                                                                  
US United States of America                          2                                                                                                                                                  

SQL> REM DEPARTMENT_NAME , STATE_PROVINCE
SQL> 
SQL> REM DEPARTMENT_NAME , COUNTRY_NAME
SQL> 
SQL> SELECT DEPARTMENT_NAME , COUNTRY_NAME
  2  FROM DEPARTMENTS
  3  NATURAL JOIN COUNTRIES;

DEPARTMENT_NAME                COUNTRY_NAME                                                                                                                                                             
------------------------------ ----------------------------------------                                                                                                                                 
Administration                 Canada                                                                                                                                                                   
Marketing                      Canada                                                                                                                                                                   
Shiping                        Canada                                                                                                                                                                   
IT                             Canada                                                                                                                                                                   
Sales                          Canada                                                                                                                                                                   
Executive                      Canada                                                                                                                                                                   
Accounting                     Canada                                                                                                                                                                   
Contracting                    Canada                                                                                                                                                                   
Administration                 Germany                                                                                                                                                                  
Marketing                      Germany                                                                                                                                                                  
Shiping                        Germany                                                                                                                                                                  
IT                             Germany                                                                                                                                                                  
Sales                          Germany                                                                                                                                                                  
Executive                      Germany                                                                                                                                                                  
Accounting                     Germany                                                                                                                                                                  
Contracting                    Germany                                                                                                                                                                  
Administration                 United Kingdom                                                                                                                                                           
Marketing                      United Kingdom                                                                                                                                                           
Shiping                        United Kingdom                                                                                                                                                           
IT                             United Kingdom                                                                                                                                                           
Sales                          United Kingdom                                                                                                                                                           

DEPARTMENT_NAME                COUNTRY_NAME                                                                                                                                                             
------------------------------ ----------------------------------------                                                                                                                                 
Executive                      United Kingdom                                                                                                                                                           
Accounting                     United Kingdom                                                                                                                                                           
Contracting                    United Kingdom                                                                                                                                                           
Administration                 United States of America                                                                                                                                                 
Marketing                      United States of America                                                                                                                                                 
Shiping                        United States of America                                                                                                                                                 
IT                             United States of America                                                                                                                                                 
Sales                          United States of America                                                                                                                                                 
Executive                      United States of America                                                                                                                                                 
Accounting                     United States of America                                                                                                                                                 
Contracting                    United States of America                                                                                                                                                 

32 rows selected.

SQL> REM ALL COMBINATIONS : CARTESIAN PRODUCT : CROSS JOIN
SQL> 
SQL> SELECT DEPARTMENT_NAME , COUNTRY_NAME
  2  FROM DEPARTMENTS
  3  CROSS JOIN COUNTRIES;

DEPARTMENT_NAME                COUNTRY_NAME                                                                                                                                                             
------------------------------ ----------------------------------------                                                                                                                                 
Administration                 Canada                                                                                                                                                                   
Marketing                      Canada                                                                                                                                                                   
Shiping                        Canada                                                                                                                                                                   
IT                             Canada                                                                                                                                                                   
Sales                          Canada                                                                                                                                                                   
Executive                      Canada                                                                                                                                                                   
Accounting                     Canada                                                                                                                                                                   
Contracting                    Canada                                                                                                                                                                   
Administration                 Germany                                                                                                                                                                  
Marketing                      Germany                                                                                                                                                                  
Shiping                        Germany                                                                                                                                                                  
IT                             Germany                                                                                                                                                                  
Sales                          Germany                                                                                                                                                                  
Executive                      Germany                                                                                                                                                                  
Accounting                     Germany                                                                                                                                                                  
Contracting                    Germany                                                                                                                                                                  
Administration                 United Kingdom                                                                                                                                                           
Marketing                      United Kingdom                                                                                                                                                           
Shiping                        United Kingdom                                                                                                                                                           
IT                             United Kingdom                                                                                                                                                           
Sales                          United Kingdom                                                                                                                                                           

DEPARTMENT_NAME                COUNTRY_NAME                                                                                                                                                             
------------------------------ ----------------------------------------                                                                                                                                 
Executive                      United Kingdom                                                                                                                                                           
Accounting                     United Kingdom                                                                                                                                                           
Contracting                    United Kingdom                                                                                                                                                           
Administration                 United States of America                                                                                                                                                 
Marketing                      United States of America                                                                                                                                                 
Shiping                        United States of America                                                                                                                                                 
IT                             United States of America                                                                                                                                                 
Sales                          United States of America                                                                                                                                                 
Executive                      United States of America                                                                                                                                                 
Accounting                     United States of America                                                                                                                                                 
Contracting                    United States of America                                                                                                                                                 

32 rows selected.

SQL> REM E D L C R
SQL> 
SQL> REM   D   C   : CROSS JOIN
SQL> 
SQL> REM   D L C   : NATURAL JOIN
SQL> 
SQL> 
SQL> SELECT DEPARTMENT_NAME , COUNTRY_NAME
  2  FROM DEPARTMENTS
  3  NATURAL JOIN LOCATIONS
  4  NATURAL JOIN COUNTRIES;

DEPARTMENT_NAME                COUNTRY_NAME                                                                                                                                                             
------------------------------ ----------------------------------------                                                                                                                                 
Administration                 United States of America                                                                                                                                                 
Marketing                      Canada                                                                                                                                                                   
Shiping                        United States of America                                                                                                                                                 
IT                             United States of America                                                                                                                                                 
Sales                          United Kingdom                                                                                                                                                           
Executive                      United States of America                                                                                                                                                 
Accounting                     United States of America                                                                                                                                                 
Contracting                    United States of America                                                                                                                                                 

8 rows selected.

SQL> SELECT * FROM DEPARTMENTS;

DEPARTMENT_ID DEPARTMENT_NAME                MANAGER_ID LOCATION_ID                                                                                                                                     
------------- ------------------------------ ---------- -----------                                                                                                                                     
           10 Administration                        200        1700                                                                                                                                     
           20 Marketing                             201        1800                                                                                                                                     
           50 Shiping                               124        1500                                                                                                                                     
           60 IT                                    103        1400                                                                                                                                     
           80 Sales                                 149        2500                                                                                                                                     
           90 Executive                             100        1700                                                                                                                                     
          110 Accounting                            205        1700                                                                                                                                     
          190 Contracting                                      1700                                                                                                                                     

8 rows selected.

SQL> SELECT * FROM LOCATIONS;

LOCATION_ID STREET_ADRESS                            POSTAL_CODE  CITY                           STATE_PROVINCE            CO                                                                           
----------- ---------------------------------------- ------------ ------------------------------ ------------------------- --                                                                           
       1400 2014 Jabberwocky Rd                      26192        Southlake                      Texas                     US                                                                           
       1500 2011 Interiors Blvd                      99236        South San Francisco            California                US                                                                           
       1700 2004 Charade Rd                          98199        Seattle                        Washington                US                                                                           
       1800 460 Bloor St. W.                         ON M5S 1X8   Toronto                        Ontario                   CA                                                                           
       2500 Magdalen Centre, The Oxford Science Park OX9 9ZB      Oxford                         Oxford                    UK                                                                           

SQL> SELECT * FROM COUNTRIES;

CO COUNTRY_NAME                              REGION_ID                                                                                                                                                  
-- ---------------------------------------- ----------                                                                                                                                                  
CA Canada                                            2                                                                                                                                                  
DE Germany                                           1                                                                                                                                                  
UK United Kingdom                                    1                                                                                                                                                  
US United States of America                          2                                                                                                                                                  

SQL> SELECT * FROM REGIONS;

 REGION_ID REGION_NAME                                                                                                                                                                                  
---------- -------------------------                                                                                                                                                                    
         1 Europe                                                                                                                                                                                       
         2 Americas                                                                                                                                                                                     
         3 Asia                                                                                                                                                                                         
         4 Middle East and Africa                                                                                                                                                                       

SQL> 
SQL> REM REGION_NAME , STATE_PROVINCE
SQL> 
SQL> SELECT REGION_NAME , STATE_PROVINCE
  2  FROM LOCATIONS
  3  NATURAL JOIN COUNTRIES
  4  NATURAL JOIN REGIONS;

REGION_NAME               STATE_PROVINCE                                                                                                                                                                
------------------------- -------------------------                                                                                                                                                     
Americas                  Texas                                                                                                                                                                         
Americas                  California                                                                                                                                                                    
Americas                  Washington                                                                                                                                                                    
Americas                  Ontario                                                                                                                                                                       
Europe                    Oxford                                                                                                                                                                        

SQL> SELECT * FROM DEPARTMENTS;

DEPARTMENT_ID DEPARTMENT_NAME                MANAGER_ID LOCATION_ID                                                                                                                                     
------------- ------------------------------ ---------- -----------                                                                                                                                     
           10 Administration                        200        1700                                                                                                                                     
           20 Marketing                             201        1800                                                                                                                                     
           50 Shiping                               124        1500                                                                                                                                     
           60 IT                                    103        1400                                                                                                                                     
           80 Sales                                 149        2500                                                                                                                                     
           90 Executive                             100        1700                                                                                                                                     
          110 Accounting                            205        1700                                                                                                                                     
          190 Contracting                                      1700                                                                                                                                     

8 rows selected.

SQL> SELECT * FROM LOCATIONS;

LOCATION_ID STREET_ADRESS                            POSTAL_CODE  CITY                           STATE_PROVINCE            CO                                                                           
----------- ---------------------------------------- ------------ ------------------------------ ------------------------- --                                                                           
       1400 2014 Jabberwocky Rd                      26192        Southlake                      Texas                     US                                                                           
       1500 2011 Interiors Blvd                      99236        South San Francisco            California                US                                                                           
       1700 2004 Charade Rd                          98199        Seattle                        Washington                US                                                                           
       1800 460 Bloor St. W.                         ON M5S 1X8   Toronto                        Ontario                   CA                                                                           
       2500 Magdalen Centre, The Oxford Science Park OX9 9ZB      Oxford                         Oxford                    UK                                                                           

SQL> SELECT * FROM COUNTRIES;

CO COUNTRY_NAME                              REGION_ID                                                                                                                                                  
-- ---------------------------------------- ----------                                                                                                                                                  
CA Canada                                            2                                                                                                                                                  
DE Germany                                           1                                                                                                                                                  
UK United Kingdom                                    1                                                                                                                                                  
US United States of America                          2                                                                                                                                                  

SQL> SELECT * FROM REGIONS;

 REGION_ID REGION_NAME                                                                                                                                                                                  
---------- -------------------------                                                                                                                                                                    
         1 Europe                                                                                                                                                                                       
         2 Americas                                                                                                                                                                                     
         3 Asia                                                                                                                                                                                         
         4 Middle East and Africa                                                                                                                                                                       

SQL> REM REGION_NAME , DEPARTMENT_NAME
SQL> 
SQL> SELECT REGION_NAME,DEPARTMENT_ID FROM DEPARTMENTS NATURAL JOIN LOCATIONS  NATURAL JOIN COUNTRIES NATURAL JOIN REGIONS;

REGION_NAME               DEPARTMENT_ID                                                                                                                                                                 
------------------------- -------------                                                                                                                                                                 
Americas                             10                                                                                                                                                                 
Americas                             20                                                                                                                                                                 
Americas                             50                                                                                                                                                                 
Americas                             60                                                                                                                                                                 
Europe                               80                                                                                                                                                                 
Americas                             90                                                                                                                                                                 
Americas                            110                                                                                                                                                                 
Americas                            190                                                                                                                                                                 

8 rows selected.

SQL> SELECT * FROM EMPLOYEES;

EMPLOYEE_ID FIRST_NAME      LAST_NAME       EMAIL      PHONE_NUMBER         HIRE_DATE JOB_ID         SALARY COMMISSION_PCT MANAGER_ID DEPARTMENT_ID                                                     
----------- --------------- --------------- ---------- -------------------- --------- ---------- ---------- -------------- ---------- -------------                                                     
        100 Steven          King            SKING      515.123.4567         17-JUL-87 AD_PRES         24000                                      90                                                     
        101 Neena           Kochhar         NKOCHHAR   515.123.4568         21-SEP-89 AD_VP           17000                       100            90                                                     
        102 Lex             De Haan         LDEHAAN    515.123.4569         13-JAN-93 AD_VP           17000                       100            90                                                     
        103 Alexander       Hunold          AHUNOLD    590.423.4567         03-JAN-90 IT_PROG          9000                       102            60                                                     
        104 Bruce           Ernst           BERNST     590.423.4568         21-MAY-91 IT_PROG          6000                       103            60                                                     
        107 Diana           Lorentz         DLORENTZ   590.423.5567         07-FEB-99 IT_PROG          4200                       103            60                                                     
        124 Kevin           Mourgos         KMOURGOS   650.123.5234         16-NOV-99 ST_MAN           5800                       100            50                                                     
        141 Trenna          Rajs            TRAJS      650.121.8009         17-OCT-95 ST_CLERK         3500                       124            50                                                     
        142 Curtis          Davies          CDAVIES    650.121.2994         29-JAN-97 ST_CLERK         3100                       124            50                                                     
        143 Randall         Matos           RMATOS     650.121.2874         15-MAR-98 ST_CLERK         2600                       124            50                                                     
        144 Peter           Vargas          PVARGAS    650.121.2004         09-JUL-98 ST_CLERK         2500                       124            50                                                     
        149 Eleni           Zlotkey         EZLOTKEY   011.44.1344.429018   29-JAN-00 SA_MAN          10500             .2        100            80                                                     
        174 Ellen           Abel            EABEL      011.44.1644.429267   11-MAY-96 SA_REP          11000             .3        149            80                                                     
        176 Jonathon        Taylor          JTAYLOR    011.44.1644.429265   24-MAR-98 SA_REP           8600             .3        149            80                                                     
        178 Kimerely        Grant           KGRANT     011.44.1644.429263   24-MAY-99 SA_REP           7000            .15        149                                                                   
        200 Jennifer        Whalen          JWHALEN    515.123.4444         17-SEP-87 AD_ASST          4400                       101            10                                                     
        201 Michael         Hartstein       MHARTSTE   515.123.5555         17-FEB-96 MK_MAN          13000                       100            20                                                     
        202 Pat             Fay             PFAY       603.123.6666         17-AUG-97 MK_REP           6000                       201            20                                                     
        205 Shelley         Higgins         SHIGGINS   515.123.8080         07-JUN-94 AC_MGR          12000                       101           110                                                     
        206 William         Gietz           WGIETZ     515.123.8181         07-JUN-94 AC_ACCOUNT       8300                       205           110                                                     

20 rows selected.

SQL> SELECT * FROM JOBS;

JOB_ID     JOB_TITLE                           MIN_SALARY MAX_SALARY                                                                                                                                    
---------- ----------------------------------- ---------- ----------                                                                                                                                    
AD_PRES    President                                20000      40000                                                                                                                                    
AD_VP      Administration Vice President            15000      30000                                                                                                                                    
AD_ASST    Administration Assistant                  3000       6000                                                                                                                                    
AC_MGR     Accounting Manager                        8200      16000                                                                                                                                    
AC_ACCOUNT Public Accountant                         4200       9000                                                                                                                                    
SA_MAN     Sales Manager                            10000      20000                                                                                                                                    
SA_REP     Sales Representative                      6000      12000                                                                                                                                    
ST_MAN     Stock Manager                             5500       8500                                                                                                                                    
ST_CLERK   Stock Clerk                               2000       5000                                                                                                                                    
IT_PROG    Programmer                                4000      10000                                                                                                                                    
MK_MAN     Marketing Manager                         9000      15000                                                                                                                                    
MK_REP     Marketing Representative                  4000       9000                                                                                                                                    

12 rows selected.

SQL> REM FIRST_NAME , JOB_TITLE
SQL> 
SQL> SELECT FIRST_NAME,JOB_TITLE FROM EMPLOYEES NATURAL JOIN JOBS;

FIRST_NAME      JOB_TITLE                                                                                                                                                                               
--------------- -----------------------------------                                                                                                                                                     
William         Public Accountant                                                                                                                                                                       
Shelley         Accounting Manager                                                                                                                                                                      
Jennifer        Administration Assistant                                                                                                                                                                
Steven          President                                                                                                                                                                               
Lex             Administration Vice President                                                                                                                                                           
Neena           Administration Vice President                                                                                                                                                           
Alexander       Programmer                                                                                                                                                                              
Bruce           Programmer                                                                                                                                                                              
Diana           Programmer                                                                                                                                                                              
Michael         Marketing Manager                                                                                                                                                                       
Pat             Marketing Representative                                                                                                                                                                
Eleni           Sales Manager                                                                                                                                                                           
Ellen           Sales Representative                                                                                                                                                                    
Kimerely        Sales Representative                                                                                                                                                                    
Jonathon        Sales Representative                                                                                                                                                                    
Randall         Stock Clerk                                                                                                                                                                             
Curtis          Stock Clerk                                                                                                                                                                             
Trenna          Stock Clerk                                                                                                                                                                             
Peter           Stock Clerk                                                                                                                                                                             
Kevin           Stock Manager                                                                                                                                                                           

20 rows selected.

SQL> SELECT * FROM LOCATIONS;

LOCATION_ID STREET_ADRESS                            POSTAL_CODE  CITY                           STATE_PROVINCE            CO                                                                           
----------- ---------------------------------------- ------------ ------------------------------ ------------------------- --                                                                           
       1400 2014 Jabberwocky Rd                      26192        Southlake                      Texas                     US                                                                           
       1500 2011 Interiors Blvd                      99236        South San Francisco            California                US                                                                           
       1700 2004 Charade Rd                          98199        Seattle                        Washington                US                                                                           
       1800 460 Bloor St. W.                         ON M5S 1X8   Toronto                        Ontario                   CA                                                                           
       2500 Magdalen Centre, The Oxford Science Park OX9 9ZB      Oxford                         Oxford                    UK                                                                           

SQL> SELECT * FROM COUNTRIES;

CO COUNTRY_NAME                              REGION_ID                                                                                                                                                  
-- ---------------------------------------- ----------                                                                                                                                                  
CA Canada                                            2                                                                                                                                                  
DE Germany                                           1                                                                                                                                                  
UK United Kingdom                                    1                                                                                                                                                  
US United States of America                          2                                                                                                                                                  

SQL> REM NATURAL JOIN :
SQL> 
SQL> REM CROSS JOIN : TOTAL ROWS : ROWS * ROWS , TOTAL COLUMNS : COLUMNS + COLUMNS
SQL> 
SQL> REM CROSS JOIN : TOTAL ROWS = 5 * 4 = 20  , TOTAL COLUMNS : 6 + 3 = 9
SQL> 
SQL> SEELCT * F
SP2-0042: unknown command "SEELCT * F" - rest of line ignored.
SQL> F
SP2-0042: unknown command "F" - rest of line ignored.
SQL> 
SQL> SELECT *
  2  FROM LOCATIONS
  3  CROSS JOIN COUNTRIES;

LOCATION_ID STREET_ADRESS                            POSTAL_CODE  CITY                           STATE_PROVINCE            CO CO COUNTRY_NAME                              REGION_ID                    
----------- ---------------------------------------- ------------ ------------------------------ ------------------------- -- -- ---------------------------------------- ----------                    
       1400 2014 Jabberwocky Rd                      26192        Southlake                      Texas                     US CA Canada                                            2                    
       1500 2011 Interiors Blvd                      99236        South San Francisco            California                US CA Canada                                            2                    
       1700 2004 Charade Rd                          98199        Seattle                        Washington                US CA Canada                                            2                    
       1800 460 Bloor St. W.                         ON M5S 1X8   Toronto                        Ontario                   CA CA Canada                                            2                    
       2500 Magdalen Centre, The Oxford Science Park OX9 9ZB      Oxford                         Oxford                    UK CA Canada                                            2                    
       1400 2014 Jabberwocky Rd                      26192        Southlake                      Texas                     US DE Germany                                           1                    
       1500 2011 Interiors Blvd                      99236        South San Francisco            California                US DE Germany                                           1                    
       1700 2004 Charade Rd                          98199        Seattle                        Washington                US DE Germany                                           1                    
       1800 460 Bloor St. W.                         ON M5S 1X8   Toronto                        Ontario                   CA DE Germany                                           1                    
       2500 Magdalen Centre, The Oxford Science Park OX9 9ZB      Oxford                         Oxford                    UK DE Germany                                           1                    
       1400 2014 Jabberwocky Rd                      26192        Southlake                      Texas                     US UK United Kingdom                                    1                    
       1500 2011 Interiors Blvd                      99236        South San Francisco            California                US UK United Kingdom                                    1                    
       1700 2004 Charade Rd                          98199        Seattle                        Washington                US UK United Kingdom                                    1                    
       1800 460 Bloor St. W.                         ON M5S 1X8   Toronto                        Ontario                   CA UK United Kingdom                                    1                    
       2500 Magdalen Centre, The Oxford Science Park OX9 9ZB      Oxford                         Oxford                    UK UK United Kingdom                                    1                    
       1400 2014 Jabberwocky Rd                      26192        Southlake                      Texas                     US US United States of America                          2                    
       1500 2011 Interiors Blvd                      99236        South San Francisco            California                US US United States of America                          2                    
       1700 2004 Charade Rd                          98199        Seattle                        Washington                US US United States of America                          2                    
       1800 460 Bloor St. W.                         ON M5S 1X8   Toronto                        Ontario                   CA US United States of America                          2                    
       2500 Magdalen Centre, The Oxford Science Park OX9 9ZB      Oxford                         Oxford                    UK US United States of America                          2                    

20 rows selected.

SQL> SELECT * FROM DEPARTMENTS;

DEPARTMENT_ID DEPARTMENT_NAME                MANAGER_ID LOCATION_ID                                                                                                                                     
------------- ------------------------------ ---------- -----------                                                                                                                                     
           10 Administration                        200        1700                                                                                                                                     
           20 Marketing                             201        1800                                                                                                                                     
           50 Shiping                               124        1500                                                                                                                                     
           60 IT                                    103        1400                                                                                                                                     
           80 Sales                                 149        2500                                                                                                                                     
           90 Executive                             100        1700                                                                                                                                     
          110 Accounting                            205        1700                                                                                                                                     
          190 Contracting                                      1700                                                                                                                                     

8 rows selected.

SQL> SELECT * FROM COUNTRIES;

CO COUNTRY_NAME                              REGION_ID                                                                                                                                                  
-- ---------------------------------------- ----------                                                                                                                                                  
CA Canada                                            2                                                                                                                                                  
DE Germany                                           1                                                                                                                                                  
UK United Kingdom                                    1                                                                                                                                                  
US United States of America                          2                                                                                                                                                  

SQL> SELECT * FROM REGIONS;

 REGION_ID REGION_NAME                                                                                                                                                                                  
---------- -------------------------                                                                                                                                                                    
         1 Europe                                                                                                                                                                                       
         2 Americas                                                                                                                                                                                     
         3 Asia                                                                                                                                                                                         
         4 Middle East and Africa                                                                                                                                                                       

SQL> REM DEPARTMENTS CROSS JOIN COUNTRIES CROSS JOIN REGIONS : ROWS = 128=  8 *4 *4  , COLUMNS = 9 = 4 + 3 + 2
SQL> 
SQL> SELECT *
  2  FROM DEPARTMENTS
  3  CROSS JOIN COUNTRIES
  4  CROSS JOIN REGIONS;

DEPARTMENT_ID DEPARTMENT_NAME                MANAGER_ID LOCATION_ID CO COUNTRY_NAME                              REGION_ID  REGION_ID REGION_NAME                                                       
------------- ------------------------------ ---------- ----------- -- ---------------------------------------- ---------- ---------- -------------------------                                         
           10 Administration                        200        1700 CA Canada                                            2          1 Europe                                                            
           20 Marketing                             201        1800 CA Canada                                            2          1 Europe                                                            
           50 Shiping                               124        1500 CA Canada                                            2          1 Europe                                                            
           60 IT                                    103        1400 CA Canada                                            2          1 Europe                                                            
           80 Sales                                 149        2500 CA Canada                                            2          1 Europe                                                            
           90 Executive                             100        1700 CA Canada                                            2          1 Europe                                                            
          110 Accounting                            205        1700 CA Canada                                            2          1 Europe                                                            
          190 Contracting                                      1700 CA Canada                                            2          1 Europe                                                            
           10 Administration                        200        1700 CA Canada                                            2          2 Americas                                                          
           20 Marketing                             201        1800 CA Canada                                            2          2 Americas                                                          
           50 Shiping                               124        1500 CA Canada                                            2          2 Americas                                                          
           60 IT                                    103        1400 CA Canada                                            2          2 Americas                                                          
           80 Sales                                 149        2500 CA Canada                                            2          2 Americas                                                          
           90 Executive                             100        1700 CA Canada                                            2          2 Americas                                                          
          110 Accounting                            205        1700 CA Canada                                            2          2 Americas                                                          
          190 Contracting                                      1700 CA Canada                                            2          2 Americas                                                          
           10 Administration                        200        1700 CA Canada                                            2          3 Asia                                                              
           20 Marketing                             201        1800 CA Canada                                            2          3 Asia                                                              
           50 Shiping                               124        1500 CA Canada                                            2          3 Asia                                                              
           60 IT                                    103        1400 CA Canada                                            2          3 Asia                                                              
           80 Sales                                 149        2500 CA Canada                                            2          3 Asia                                                              

DEPARTMENT_ID DEPARTMENT_NAME                MANAGER_ID LOCATION_ID CO COUNTRY_NAME                              REGION_ID  REGION_ID REGION_NAME                                                       
------------- ------------------------------ ---------- ----------- -- ---------------------------------------- ---------- ---------- -------------------------                                         
           90 Executive                             100        1700 CA Canada                                            2          3 Asia                                                              
          110 Accounting                            205        1700 CA Canada                                            2          3 Asia                                                              
          190 Contracting                                      1700 CA Canada                                            2          3 Asia                                                              
           10 Administration                        200        1700 CA Canada                                            2          4 Middle East and Africa                                            
           20 Marketing                             201        1800 CA Canada                                            2          4 Middle East and Africa                                            
           50 Shiping                               124        1500 CA Canada                                            2          4 Middle East and Africa                                            
           60 IT                                    103        1400 CA Canada                                            2          4 Middle East and Africa                                            
           80 Sales                                 149        2500 CA Canada                                            2          4 Middle East and Africa                                            
           90 Executive                             100        1700 CA Canada                                            2          4 Middle East and Africa                                            
          110 Accounting                            205        1700 CA Canada                                            2          4 Middle East and Africa                                            
          190 Contracting                                      1700 CA Canada                                            2          4 Middle East and Africa                                            
           10 Administration                        200        1700 DE Germany                                           1          1 Europe                                                            
           20 Marketing                             201        1800 DE Germany                                           1          1 Europe                                                            
           50 Shiping                               124        1500 DE Germany                                           1          1 Europe                                                            
           60 IT                                    103        1400 DE Germany                                           1          1 Europe                                                            
           80 Sales                                 149        2500 DE Germany                                           1          1 Europe                                                            
           90 Executive                             100        1700 DE Germany                                           1          1 Europe                                                            
          110 Accounting                            205        1700 DE Germany                                           1          1 Europe                                                            
          190 Contracting                                      1700 DE Germany                                           1          1 Europe                                                            
           10 Administration                        200        1700 DE Germany                                           1          2 Americas                                                          
           20 Marketing                             201        1800 DE Germany                                           1          2 Americas                                                          

DEPARTMENT_ID DEPARTMENT_NAME                MANAGER_ID LOCATION_ID CO COUNTRY_NAME                              REGION_ID  REGION_ID REGION_NAME                                                       
------------- ------------------------------ ---------- ----------- -- ---------------------------------------- ---------- ---------- -------------------------                                         
           50 Shiping                               124        1500 DE Germany                                           1          2 Americas                                                          
           60 IT                                    103        1400 DE Germany                                           1          2 Americas                                                          
           80 Sales                                 149        2500 DE Germany                                           1          2 Americas                                                          
           90 Executive                             100        1700 DE Germany                                           1          2 Americas                                                          
          110 Accounting                            205        1700 DE Germany                                           1          2 Americas                                                          
          190 Contracting                                      1700 DE Germany                                           1          2 Americas                                                          
           10 Administration                        200        1700 DE Germany                                           1          3 Asia                                                              
           20 Marketing                             201        1800 DE Germany                                           1          3 Asia                                                              
           50 Shiping                               124        1500 DE Germany                                           1          3 Asia                                                              
           60 IT                                    103        1400 DE Germany                                           1          3 Asia                                                              
           80 Sales                                 149        2500 DE Germany                                           1          3 Asia                                                              
           90 Executive                             100        1700 DE Germany                                           1          3 Asia                                                              
          110 Accounting                            205        1700 DE Germany                                           1          3 Asia                                                              
          190 Contracting                                      1700 DE Germany                                           1          3 Asia                                                              
           10 Administration                        200        1700 DE Germany                                           1          4 Middle East and Africa                                            
           20 Marketing                             201        1800 DE Germany                                           1          4 Middle East and Africa                                            
           50 Shiping                               124        1500 DE Germany                                           1          4 Middle East and Africa                                            
           60 IT                                    103        1400 DE Germany                                           1          4 Middle East and Africa                                            
           80 Sales                                 149        2500 DE Germany                                           1          4 Middle East and Africa                                            
           90 Executive                             100        1700 DE Germany                                           1          4 Middle East and Africa                                            
          110 Accounting                            205        1700 DE Germany                                           1          4 Middle East and Africa                                            

DEPARTMENT_ID DEPARTMENT_NAME                MANAGER_ID LOCATION_ID CO COUNTRY_NAME                              REGION_ID  REGION_ID REGION_NAME                                                       
------------- ------------------------------ ---------- ----------- -- ---------------------------------------- ---------- ---------- -------------------------                                         
          190 Contracting                                      1700 DE Germany                                           1          4 Middle East and Africa                                            
           10 Administration                        200        1700 UK United Kingdom                                    1          1 Europe                                                            
           20 Marketing                             201        1800 UK United Kingdom                                    1          1 Europe                                                            
           50 Shiping                               124        1500 UK United Kingdom                                    1          1 Europe                                                            
           60 IT                                    103        1400 UK United Kingdom                                    1          1 Europe                                                            
           80 Sales                                 149        2500 UK United Kingdom                                    1          1 Europe                                                            
           90 Executive                             100        1700 UK United Kingdom                                    1          1 Europe                                                            
          110 Accounting                            205        1700 UK United Kingdom                                    1          1 Europe                                                            
          190 Contracting                                      1700 UK United Kingdom                                    1          1 Europe                                                            
           10 Administration                        200        1700 UK United Kingdom                                    1          2 Americas                                                          
           20 Marketing                             201        1800 UK United Kingdom                                    1          2 Americas                                                          
           50 Shiping                               124        1500 UK United Kingdom                                    1          2 Americas                                                          
           60 IT                                    103        1400 UK United Kingdom                                    1          2 Americas                                                          
           80 Sales                                 149        2500 UK United Kingdom                                    1          2 Americas                                                          
           90 Executive                             100        1700 UK United Kingdom                                    1          2 Americas                                                          
          110 Accounting                            205        1700 UK United Kingdom                                    1          2 Americas                                                          
          190 Contracting                                      1700 UK United Kingdom                                    1          2 Americas                                                          
           10 Administration                        200        1700 UK United Kingdom                                    1          3 Asia                                                              
           20 Marketing                             201        1800 UK United Kingdom                                    1          3 Asia                                                              
           50 Shiping                               124        1500 UK United Kingdom                                    1          3 Asia                                                              
           60 IT                                    103        1400 UK United Kingdom                                    1          3 Asia                                                              

DEPARTMENT_ID DEPARTMENT_NAME                MANAGER_ID LOCATION_ID CO COUNTRY_NAME                              REGION_ID  REGION_ID REGION_NAME                                                       
------------- ------------------------------ ---------- ----------- -- ---------------------------------------- ---------- ---------- -------------------------                                         
           80 Sales                                 149        2500 UK United Kingdom                                    1          3 Asia                                                              
           90 Executive                             100        1700 UK United Kingdom                                    1          3 Asia                                                              
          110 Accounting                            205        1700 UK United Kingdom                                    1          3 Asia                                                              
          190 Contracting                                      1700 UK United Kingdom                                    1          3 Asia                                                              
           10 Administration                        200        1700 UK United Kingdom                                    1          4 Middle East and Africa                                            
           20 Marketing                             201        1800 UK United Kingdom                                    1          4 Middle East and Africa                                            
           50 Shiping                               124        1500 UK United Kingdom                                    1          4 Middle East and Africa                                            
           60 IT                                    103        1400 UK United Kingdom                                    1          4 Middle East and Africa                                            
           80 Sales                                 149        2500 UK United Kingdom                                    1          4 Middle East and Africa                                            
           90 Executive                             100        1700 UK United Kingdom                                    1          4 Middle East and Africa                                            
          110 Accounting                            205        1700 UK United Kingdom                                    1          4 Middle East and Africa                                            
          190 Contracting                                      1700 UK United Kingdom                                    1          4 Middle East and Africa                                            
           10 Administration                        200        1700 US United States of America                          2          1 Europe                                                            
           20 Marketing                             201        1800 US United States of America                          2          1 Europe                                                            
           50 Shiping                               124        1500 US United States of America                          2          1 Europe                                                            
           60 IT                                    103        1400 US United States of America                          2          1 Europe                                                            
           80 Sales                                 149        2500 US United States of America                          2          1 Europe                                                            
           90 Executive                             100        1700 US United States of America                          2          1 Europe                                                            
          110 Accounting                            205        1700 US United States of America                          2          1 Europe                                                            
          190 Contracting                                      1700 US United States of America                          2          1 Europe                                                            
           10 Administration                        200        1700 US United States of America                          2          2 Americas                                                          

DEPARTMENT_ID DEPARTMENT_NAME                MANAGER_ID LOCATION_ID CO COUNTRY_NAME                              REGION_ID  REGION_ID REGION_NAME                                                       
------------- ------------------------------ ---------- ----------- -- ---------------------------------------- ---------- ---------- -------------------------                                         
           20 Marketing                             201        1800 US United States of America                          2          2 Americas                                                          
           50 Shiping                               124        1500 US United States of America                          2          2 Americas                                                          
           60 IT                                    103        1400 US United States of America                          2          2 Americas                                                          
           80 Sales                                 149        2500 US United States of America                          2          2 Americas                                                          
           90 Executive                             100        1700 US United States of America                          2          2 Americas                                                          
          110 Accounting                            205        1700 US United States of America                          2          2 Americas                                                          
          190 Contracting                                      1700 US United States of America                          2          2 Americas                                                          
           10 Administration                        200        1700 US United States of America                          2          3 Asia                                                              
           20 Marketing                             201        1800 US United States of America                          2          3 Asia                                                              
           50 Shiping                               124        1500 US United States of America                          2          3 Asia                                                              
           60 IT                                    103        1400 US United States of America                          2          3 Asia                                                              
           80 Sales                                 149        2500 US United States of America                          2          3 Asia                                                              
           90 Executive                             100        1700 US United States of America                          2          3 Asia                                                              
          110 Accounting                            205        1700 US United States of America                          2          3 Asia                                                              
          190 Contracting                                      1700 US United States of America                          2          3 Asia                                                              
           10 Administration                        200        1700 US United States of America                          2          4 Middle East and Africa                                            
           20 Marketing                             201        1800 US United States of America                          2          4 Middle East and Africa                                            
           50 Shiping                               124        1500 US United States of America                          2          4 Middle East and Africa                                            
           60 IT                                    103        1400 US United States of America                          2          4 Middle East and Africa                                            
           80 Sales                                 149        2500 US United States of America                          2          4 Middle East and Africa                                            
           90 Executive                             100        1700 US United States of America                          2          4 Middle East and Africa                                            

DEPARTMENT_ID DEPARTMENT_NAME                MANAGER_ID LOCATION_ID CO COUNTRY_NAME                              REGION_ID  REGION_ID REGION_NAME                                                       
------------- ------------------------------ ---------- ----------- -- ---------------------------------------- ---------- ---------- -------------------------                                         
          110 Accounting                            205        1700 US United States of America                          2          4 Middle East and Africa                                            
          190 Contracting                                      1700 US United States of America                          2          4 Middle East and Africa                                            

128 rows selected.

SQL> SPOOL OFF
