SQL> 
SQL> CL SCR

SQL> REM OUTER JOIN IS USED TO GET EXTRA/UNMATCHED ROWS OF SINGLE OR BOTH TABLES.
SQL> 
SQL> SET LINES 200 PAGES 24
SQL> 
SQL> SELECT * FROM EMPLOYEES;

EMPLOYEE_ID FIRST_NAME      LAST_NAME       EMAIL      PHONE_NUMBER         HIRE_DATE JOB_ID         SALARY COMMISSION_PCT MANAGER_ID DEPARTMENT_ID                                                     
----------- --------------- --------------- ---------- -------------------- --------- ---------- ---------- -------------- ---------- -------------                                                     
        100 Steven          King            SKING      515.123.4567         17-JUL-87 AD_PRES         24000                                      90                                                     
        101 Neena           Kochhar         NKOCHHAR   515.123.4568         21-SEP-89 AD_VP           17000                       100            90                                                     
        102 Lex             De Haan         LDEHAAN    515.123.4569         13-JAN-93 AD_VP           17000                       100            90                                                     
        103 Alexander       Hunold          AHUNOLD    590.423.4567         03-JAN-90 IT_PROG          9000                       102            60                                                     
        104 Bruce           Ernst           BERNST     590.423.4568         21-MAY-91 IT_PROG          6000                       103            60                                                     
        107 Diana           Lorentz         DLORENTZ   590.423.5567         07-FEB-99 IT_PROG          4200                       103            60                                                     
        124 Kevin           Mourgos         KMOURGOS   650.123.5234         16-NOV-99 ST_MAN           5800                       100            50                                                     
        141 Trenna          Rajs            TRAJS      650.121.8009         17-OCT-95 ST_CLERK         3500                       124            50                                                     
        142 Curtis          Davies          CDAVIES    650.121.2994         29-JAN-97 ST_CLERK         3100                       124            50                                                     
        143 Randall         Matos           RMATOS     650.121.2874         15-MAR-98 ST_CLERK         2600                       124            50                                                     
        144 Peter           Vargas          PVARGAS    650.121.2004         09-JUL-98 ST_CLERK         2500                       124            50                                                     
        149 Eleni           Zlotkey         EZLOTKEY   011.44.1344.429018   29-JAN-00 SA_MAN          10500             .2        100            80                                                     
        174 Ellen           Abel            EABEL      011.44.1644.429267   11-MAY-96 SA_REP          11000             .3        149            80                                                     
        176 Jonathon        Taylor          JTAYLOR    011.44.1644.429265   24-MAR-98 SA_REP           8600             .3        149            80                                                     
        178 Kimerely        Grant           KGRANT     011.44.1644.429263   24-MAY-99 SA_REP           7000            .15        149                                                                   
        200 Jennifer        Whalen          JWHALEN    515.123.4444         17-SEP-87 AD_ASST          4400                       101            10                                                     
        201 Michael         Hartstein       MHARTSTE   515.123.5555         17-FEB-96 MK_MAN          13000                       100            20                                                     
        202 Pat             Fay             PFAY       603.123.6666         17-AUG-97 MK_REP           6000                       201            20                                                     
        205 Shelley         Higgins         SHIGGINS   515.123.8080         07-JUN-94 AC_MGR          12000                       101           110                                                     
        206 William         Gietz           WGIETZ     515.123.8181         07-JUN-94 AC_ACCOUNT       8300                       205           110                                                     

20 rows selected.

SQL> SELECT * FROM DEPARTMENTS;

DEPARTMENT_ID DEPARTMENT_NAME                MANAGER_ID LOCATION_ID                                                                                                                                     
------------- ------------------------------ ---------- -----------                                                                                                                                     
           10 Administration                        200        1700                                                                                                                                     
           20 Marketing                             201        1800                                                                                                                                     
           50 Shiping                               124        1500                                                                                                                                     
           60 IT                                    103        1400                                                                                                                                     
           80 Sales                                 149        2500                                                                                                                                     
           90 Executive                             100        1700                                                                                                                                     
          110 Accounting                            205        1700                                                                                                                                     
          190 Contracting                                      1700                                                                                                                                     

8 rows selected.

SQL> SELECT FIRST_NAME , DEPARTMENT_ID
  2  FROM EMPLOYEES
  3  NATURAL JOIN DEPARTMENTS;

FIRST_NAME      DEPARTMENT_ID                                                                                                                                                                           
--------------- -------------                                                                                                                                                                           
Neena                      90                                                                                                                                                                           
Lex                        90                                                                                                                                                                           
Bruce                      60                                                                                                                                                                           
Diana                      60                                                                                                                                                                           
Trenna                     50                                                                                                                                                                           
Curtis                     50                                                                                                                                                                           
Randall                    50                                                                                                                                                                           
Peter                      50                                                                                                                                                                           
Ellen                      80                                                                                                                                                                           
Jonathon                   80                                                                                                                                                                           
Pat                        20                                                                                                                                                                           
William                   110                                                                                                                                                                           

12 rows selected.

SQL> SELECT FIRST_NAME , DEPARTMENT_ID
  2  FROM EMPLOYEES
  3  INNER JOIN DEPARTMENTS USING (DEPARTMENT_ID);

FIRST_NAME      DEPARTMENT_ID                                                                                                                                                                           
--------------- -------------                                                                                                                                                                           
Steven                     90                                                                                                                                                                           
Neena                      90                                                                                                                                                                           
Lex                        90                                                                                                                                                                           
Alexander                  60                                                                                                                                                                           
Bruce                      60                                                                                                                                                                           
Diana                      60                                                                                                                                                                           
Kevin                      50                                                                                                                                                                           
Trenna                     50                                                                                                                                                                           
Curtis                     50                                                                                                                                                                           
Randall                    50                                                                                                                                                                           
Peter                      50                                                                                                                                                                           
Eleni                      80                                                                                                                                                                           
Ellen                      80                                                                                                                                                                           
Jonathon                   80                                                                                                                                                                           
Jennifer                   10                                                                                                                                                                           
Michael                    20                                                                                                                                                                           
Pat                        20                                                                                                                                                                           
Shelley                   110                                                                                                                                                                           
William                   110                                                                                                                                                                           

19 rows selected.

SQL> SELECT FIRST_NAME , DEPARTMENT_NAME
  2  FROM EMPLOYEES
  3  INNER JOIN DEPARTMENTS USING (DEPARTMENT_ID);

FIRST_NAME      DEPARTMENT_NAME                                                                                                                                                                         
--------------- ------------------------------                                                                                                                                                          
Jennifer        Administration                                                                                                                                                                          
Michael         Marketing                                                                                                                                                                               
Pat             Marketing                                                                                                                                                                               
Kevin           Shiping                                                                                                                                                                                 
Peter           Shiping                                                                                                                                                                                 
Randall         Shiping                                                                                                                                                                                 
Curtis          Shiping                                                                                                                                                                                 
Trenna          Shiping                                                                                                                                                                                 
Diana           IT                                                                                                                                                                                      
Bruce           IT                                                                                                                                                                                      
Alexander       IT                                                                                                                                                                                      
Ellen           Sales                                                                                                                                                                                   
Eleni           Sales                                                                                                                                                                                   
Jonathon        Sales                                                                                                                                                                                   
Lex             Executive                                                                                                                                                                               
Steven          Executive                                                                                                                                                                               
Neena           Executive                                                                                                                                                                               
William         Accounting                                                                                                                                                                              
Shelley         Accounting                                                                                                                                                                              

19 rows selected.

SQL> REM SYNTAX 1 OF OUTER JOIN : FROM TABLE1 LEFT/RIGHT/FULL OUTER JOIN TABLE2 USING (COMMON COLUMN LIST)
SQL> 
SQL> REM SYNTAX 2 OF OUTER JOIN : FROM TABLE1 LEFT/RIGHT/FULL OUTER JOIN TABLE2 ON JOIN CONDITION
SQL> 
SQL> SELECT FIRST_NAME , DEPARTMENT_NAME
  2  FROM EMPLOYEES
  3  OUTER JOIN DEPARTMENTS USING (DEPARTMENT_ID);

FIRST_NAME      DEPARTMENT_NAME                                                                                                                                                                         
--------------- ------------------------------                                                                                                                                                          
Jennifer        Administration                                                                                                                                                                          
Michael         Marketing                                                                                                                                                                               
Pat             Marketing                                                                                                                                                                               
Kevin           Shiping                                                                                                                                                                                 
Peter           Shiping                                                                                                                                                                                 
Randall         Shiping                                                                                                                                                                                 
Curtis          Shiping                                                                                                                                                                                 
Trenna          Shiping                                                                                                                                                                                 
Diana           IT                                                                                                                                                                                      
Bruce           IT                                                                                                                                                                                      
Alexander       IT                                                                                                                                                                                      
Ellen           Sales                                                                                                                                                                                   
Eleni           Sales                                                                                                                                                                                   
Jonathon        Sales                                                                                                                                                                                   
Lex             Executive                                                                                                                                                                               
Steven          Executive                                                                                                                                                                               
Neena           Executive                                                                                                                                                                               
William         Accounting                                                                                                                                                                              
Shelley         Accounting                                                                                                                                                                              

19 rows selected.

SQL> SELECT OUTER.FIRST_NAME , DEPARTMENT_NAME
  2  FROM EMPLOYEES
  3  OUTER JOIN DEPARTMENTS USING (DEPARTMENT_ID);

FIRST_NAME      DEPARTMENT_NAME                                                                                                                                                                         
--------------- ------------------------------                                                                                                                                                          
Jennifer        Administration                                                                                                                                                                          
Michael         Marketing                                                                                                                                                                               
Pat             Marketing                                                                                                                                                                               
Kevin           Shiping                                                                                                                                                                                 
Peter           Shiping                                                                                                                                                                                 
Randall         Shiping                                                                                                                                                                                 
Curtis          Shiping                                                                                                                                                                                 
Trenna          Shiping                                                                                                                                                                                 
Diana           IT                                                                                                                                                                                      
Bruce           IT                                                                                                                                                                                      
Alexander       IT                                                                                                                                                                                      
Ellen           Sales                                                                                                                                                                                   
Eleni           Sales                                                                                                                                                                                   
Jonathon        Sales                                                                                                                                                                                   
Lex             Executive                                                                                                                                                                               
Steven          Executive                                                                                                                                                                               
Neena           Executive                                                                                                                                                                               
William         Accounting                                                                                                                                                                              
Shelley         Accounting                                                                                                                                                                              

19 rows selected.

SQL> SELECT FIRST_NAME , DEPARTMENT_NAME
  2  FROM EMPLOYEES LEFT OUTER JOIN DEPARTMENTS USING (DEPARTMENT_ID);

FIRST_NAME      DEPARTMENT_NAME                                                                                                                                                                         
--------------- ------------------------------                                                                                                                                                          
Jennifer        Administration                                                                                                                                                                          
Michael         Marketing                                                                                                                                                                               
Pat             Marketing                                                                                                                                                                               
Kevin           Shiping                                                                                                                                                                                 
Trenna          Shiping                                                                                                                                                                                 
Curtis          Shiping                                                                                                                                                                                 
Randall         Shiping                                                                                                                                                                                 
Peter           Shiping                                                                                                                                                                                 
Alexander       IT                                                                                                                                                                                      
Bruce           IT                                                                                                                                                                                      
Diana           IT                                                                                                                                                                                      
Eleni           Sales                                                                                                                                                                                   
Ellen           Sales                                                                                                                                                                                   
Jonathon        Sales                                                                                                                                                                                   
Steven          Executive                                                                                                                                                                               
Neena           Executive                                                                                                                                                                               
Lex             Executive                                                                                                                                                                               
Shelley         Accounting                                                                                                                                                                              
William         Accounting                                                                                                                                                                              
Kimerely                                                                                                                                                                                                

20 rows selected.

SQL> SELECT FIRST_NAME , DEPARTMENT_NAME
  2  FROM DEPARTMENTS RIGHT OUTER JOIN EMPLOYEES USING (DEPARTMENT_ID);

FIRST_NAME      DEPARTMENT_NAME                                                                                                                                                                         
--------------- ------------------------------                                                                                                                                                          
Jennifer        Administration                                                                                                                                                                          
Michael         Marketing                                                                                                                                                                               
Pat             Marketing                                                                                                                                                                               
Kevin           Shiping                                                                                                                                                                                 
Trenna          Shiping                                                                                                                                                                                 
Curtis          Shiping                                                                                                                                                                                 
Randall         Shiping                                                                                                                                                                                 
Peter           Shiping                                                                                                                                                                                 
Alexander       IT                                                                                                                                                                                      
Bruce           IT                                                                                                                                                                                      
Diana           IT                                                                                                                                                                                      
Eleni           Sales                                                                                                                                                                                   
Ellen           Sales                                                                                                                                                                                   
Jonathon        Sales                                                                                                                                                                                   
Steven          Executive                                                                                                                                                                               
Neena           Executive                                                                                                                                                                               
Lex             Executive                                                                                                                                                                               
Shelley         Accounting                                                                                                                                                                              
William         Accounting                                                                                                                                                                              
Kimerely                                                                                                                                                                                                

20 rows selected.

SQL> REM EXTRA DEPARTMENT_NAME
SQL> 
SQL> REM FIRST_NAME , DEPARTMENT_NAME
SQL> 
SQL> SELECT FIRST_NAME , DEPARTMENT_NAME
  2  FROM EMPLOYEES
  3  RIGHT JOIN DEPARTMENTS USING (DEPARTMENT_ID);

FIRST_NAME      DEPARTMENT_NAME                                                                                                                                                                         
--------------- ------------------------------                                                                                                                                                          
Jennifer        Administration                                                                                                                                                                          
Michael         Marketing                                                                                                                                                                               
Pat             Marketing                                                                                                                                                                               
Kevin           Shiping                                                                                                                                                                                 
Peter           Shiping                                                                                                                                                                                 
Randall         Shiping                                                                                                                                                                                 
Curtis          Shiping                                                                                                                                                                                 
Trenna          Shiping                                                                                                                                                                                 
Diana           IT                                                                                                                                                                                      
Bruce           IT                                                                                                                                                                                      
Alexander       IT                                                                                                                                                                                      
Ellen           Sales                                                                                                                                                                                   
Eleni           Sales                                                                                                                                                                                   
Jonathon        Sales                                                                                                                                                                                   
Lex             Executive                                                                                                                                                                               
Steven          Executive                                                                                                                                                                               
Neena           Executive                                                                                                                                                                               
William         Accounting                                                                                                                                                                              
Shelley         Accounting                                                                                                                                                                              
                Contracting                                                                                                                                                                             

20 rows selected.

SQL> SELECT FIRST_NAME , DEPARTMENT_NAME
  2  FROM EMPLOYEES
  3  
SQL> 
SQL> SELECT FIRST_NAME , DEPARTMENT_NAME
  2  FROM DEPARTMENTS
  3  LEFT JOIN EMPLOYEES USING (DEPARTMENT_ID);

FIRST_NAME      DEPARTMENT_NAME                                                                                                                                                                         
--------------- ------------------------------                                                                                                                                                          
Jennifer        Administration                                                                                                                                                                          
Michael         Marketing                                                                                                                                                                               
Pat             Marketing                                                                                                                                                                               
Kevin           Shiping                                                                                                                                                                                 
Peter           Shiping                                                                                                                                                                                 
Randall         Shiping                                                                                                                                                                                 
Curtis          Shiping                                                                                                                                                                                 
Trenna          Shiping                                                                                                                                                                                 
Diana           IT                                                                                                                                                                                      
Bruce           IT                                                                                                                                                                                      
Alexander       IT                                                                                                                                                                                      
Ellen           Sales                                                                                                                                                                                   
Eleni           Sales                                                                                                                                                                                   
Jonathon        Sales                                                                                                                                                                                   
Lex             Executive                                                                                                                                                                               
Steven          Executive                                                                                                                                                                               
Neena           Executive                                                                                                                                                                               
William         Accounting                                                                                                                                                                              
Shelley         Accounting                                                                                                                                                                              
                Contracting                                                                                                                                                                             

20 rows selected.

SQL> SELECT DEPARTMENT_ID , FIRST_NAME
  2  FROM DEPARTMENTS
  3  LEFT JOIN EMPLOYEES USING (DEPARTMENT_ID)
  4  
SQL> SELECT DEPARTMENT_NAME , FIRST_NAME
  2  FROM DEPARTMENTS
  3  LEFT JOIN EMPLOYEES USING (DEPARTMENT_ID);

DEPARTMENT_NAME                FIRST_NAME                                                                                                                                                               
------------------------------ ---------------                                                                                                                                                          
Administration                 Jennifer                                                                                                                                                                 
Marketing                      Michael                                                                                                                                                                  
Marketing                      Pat                                                                                                                                                                      
Shiping                        Kevin                                                                                                                                                                    
Shiping                        Peter                                                                                                                                                                    
Shiping                        Randall                                                                                                                                                                  
Shiping                        Curtis                                                                                                                                                                   
Shiping                        Trenna                                                                                                                                                                   
IT                             Diana                                                                                                                                                                    
IT                             Bruce                                                                                                                                                                    
IT                             Alexander                                                                                                                                                                
Sales                          Ellen                                                                                                                                                                    
Sales                          Eleni                                                                                                                                                                    
Sales                          Jonathon                                                                                                                                                                 
Executive                      Lex                                                                                                                                                                      
Executive                      Steven                                                                                                                                                                   
Executive                      Neena                                                                                                                                                                    
Accounting                     William                                                                                                                                                                  
Accounting                     Shelley                                                                                                                                                                  
Contracting                                                                                                                                                                                             

20 rows selected.

SQL> SELECT DEPARTMENT_NAME , FIRST_NAME
  2  FROM DEPARTMENTS
  3  FULL JOIN EMPLOYEES USING (DEPARTMENT_ID);

DEPARTMENT_NAME                FIRST_NAME                                                                                                                                                               
------------------------------ ---------------                                                                                                                                                          
Executive                      Steven                                                                                                                                                                   
Executive                      Neena                                                                                                                                                                    
Executive                      Lex                                                                                                                                                                      
IT                             Alexander                                                                                                                                                                
IT                             Bruce                                                                                                                                                                    
IT                             Diana                                                                                                                                                                    
Shiping                        Kevin                                                                                                                                                                    
Shiping                        Trenna                                                                                                                                                                   
Shiping                        Curtis                                                                                                                                                                   
Shiping                        Randall                                                                                                                                                                  
Shiping                        Peter                                                                                                                                                                    
Sales                          Eleni                                                                                                                                                                    
Sales                          Ellen                                                                                                                                                                    
Sales                          Jonathon                                                                                                                                                                 
                               Kimerely                                                                                                                                                                 
Administration                 Jennifer                                                                                                                                                                 
Marketing                      Michael                                                                                                                                                                  
Marketing                      Pat                                                                                                                                                                      
Accounting                     Shelley                                                                                                                                                                  
Accounting                     William                                                                                                                                                                  
Contracting                                                                                                                                                                                             

21 rows selected.

SQL> SELECT DEPARTMENT_NAME , FIRST_NAME
  2  FROM DEPARTMENTS
  3  FULL JOIN EMPLOYEES USING (DEPARTMENT_ID)
  4  ORDER BY 1 NULLS FIRST;

DEPARTMENT_NAME                FIRST_NAME                                                                                                                                                               
------------------------------ ---------------                                                                                                                                                          
                               Kimerely                                                                                                                                                                 
Accounting                     William                                                                                                                                                                  
Accounting                     Shelley                                                                                                                                                                  
Administration                 Jennifer                                                                                                                                                                 
Contracting                                                                                                                                                                                             
Executive                      Lex                                                                                                                                                                      
Executive                      Steven                                                                                                                                                                   
Executive                      Neena                                                                                                                                                                    
IT                             Alexander                                                                                                                                                                
IT                             Bruce                                                                                                                                                                    
IT                             Diana                                                                                                                                                                    
Marketing                      Pat                                                                                                                                                                      
Marketing                      Michael                                                                                                                                                                  
Sales                          Ellen                                                                                                                                                                    
Sales                          Jonathon                                                                                                                                                                 
Sales                          Eleni                                                                                                                                                                    
Shiping                        Trenna                                                                                                                                                                   
Shiping                        Peter                                                                                                                                                                    
Shiping                        Randall                                                                                                                                                                  
Shiping                        Curtis                                                                                                                                                                   
Shiping                        Kevin                                                                                                                                                                    

21 rows selected.

SQL> SELECT DEPARTMENT_NAME , FIRST_NAME
  2  FROM DEPARTMENTS
  3  FULL JOIN EMPLOYEES USING (DEPARTMENT_ID)
  4  ORDER BY CASE WHEN FIRST_NAME IS NULL OR DEPARTMENT_ID IS NULL THEN NULL ELSE FIRST_NAME END;

DEPARTMENT_NAME                FIRST_NAME                                                                                                                                                               
------------------------------ ---------------                                                                                                                                                          
IT                             Alexander                                                                                                                                                                
IT                             Bruce                                                                                                                                                                    
Shiping                        Curtis                                                                                                                                                                   
IT                             Diana                                                                                                                                                                    
Sales                          Eleni                                                                                                                                                                    
Sales                          Ellen                                                                                                                                                                    
Administration                 Jennifer                                                                                                                                                                 
Sales                          Jonathon                                                                                                                                                                 
Shiping                        Kevin                                                                                                                                                                    
Executive                      Lex                                                                                                                                                                      
Marketing                      Michael                                                                                                                                                                  
Executive                      Neena                                                                                                                                                                    
Marketing                      Pat                                                                                                                                                                      
Shiping                        Peter                                                                                                                                                                    
Shiping                        Randall                                                                                                                                                                  
Accounting                     Shelley                                                                                                                                                                  
Executive                      Steven                                                                                                                                                                   
Shiping                        Trenna                                                                                                                                                                   
Accounting                     William                                                                                                                                                                  
                               Kimerely                                                                                                                                                                 
Contracting                                                                                                                                                                                             

21 rows selected.

SQL> SELECT DEPARTMENT_NAME , FIRST_NAME
  2  FROM DEPARTMENTS
  3  FULL JOIN EMPLOYEES USING (DEPARTMENT_ID)
  4  ORDER BY CASE WHEN FIRST_NAME IS NULL OR DEPARTMENT_ID IS NULL THEN NULL ELSE FIRST_NAME END NULLS FIRST;

DEPARTMENT_NAME                FIRST_NAME                                                                                                                                                               
------------------------------ ---------------                                                                                                                                                          
Contracting                                                                                                                                                                                             
                               Kimerely                                                                                                                                                                 
IT                             Alexander                                                                                                                                                                
IT                             Bruce                                                                                                                                                                    
Shiping                        Curtis                                                                                                                                                                   
IT                             Diana                                                                                                                                                                    
Sales                          Eleni                                                                                                                                                                    
Sales                          Ellen                                                                                                                                                                    
Administration                 Jennifer                                                                                                                                                                 
Sales                          Jonathon                                                                                                                                                                 
Shiping                        Kevin                                                                                                                                                                    
Executive                      Lex                                                                                                                                                                      
Marketing                      Michael                                                                                                                                                                  
Executive                      Neena                                                                                                                                                                    
Marketing                      Pat                                                                                                                                                                      
Shiping                        Peter                                                                                                                                                                    
Shiping                        Randall                                                                                                                                                                  
Accounting                     Shelley                                                                                                                                                                  
Executive                      Steven                                                                                                                                                                   
Shiping                        Trenna                                                                                                                                                                   
Accounting                     William                                                                                                                                                                  

21 rows selected.

SQL> SELECT DEPARTMENT_NAME , FIRST_NAME
  2  FROM DEPARTMENTS
  3  FULL JOIN EMPLOYEES USING (DEPARTMENT_ID)
  4  ORDER BY CASE WHEN FIRST_NAME IS NULL OR DEPARTMENT_ID IS NULL THEN NULL END NULLS FIRST;

DEPARTMENT_NAME                FIRST_NAME                                                                                                                                                               
------------------------------ ---------------                                                                                                                                                          
Executive                      Steven                                                                                                                                                                   
Contracting                                                                                                                                                                                             
Executive                      Lex                                                                                                                                                                      
IT                             Alexander                                                                                                                                                                
IT                             Bruce                                                                                                                                                                    
IT                             Diana                                                                                                                                                                    
Shiping                        Kevin                                                                                                                                                                    
Shiping                        Trenna                                                                                                                                                                   
Shiping                        Curtis                                                                                                                                                                   
Shiping                        Randall                                                                                                                                                                  
Shiping                        Peter                                                                                                                                                                    
Sales                          Eleni                                                                                                                                                                    
Sales                          Ellen                                                                                                                                                                    
Sales                          Jonathon                                                                                                                                                                 
                               Kimerely                                                                                                                                                                 
Administration                 Jennifer                                                                                                                                                                 
Marketing                      Michael                                                                                                                                                                  
Marketing                      Pat                                                                                                                                                                      
Accounting                     Shelley                                                                                                                                                                  
Accounting                     William                                                                                                                                                                  
Executive                      Neena                                                                                                                                                                    

21 rows selected.

SQL> REM DISPLAY DEPARTMENT_NAME IN WHICH NO EMPLOYEE IS STILL HIRED.
SQL> 
SQL> SELECT DEPARTMENT_NAME
  2  FROM EMPLOYEES
  3  RIGHT JOIN DEPARTMENTS USING (DEPARTMENT_ID);

DEPARTMENT_NAME                                                                                                                                                                                         
------------------------------                                                                                                                                                                          
Administration                                                                                                                                                                                          
Marketing                                                                                                                                                                                               
Marketing                                                                                                                                                                                               
Shiping                                                                                                                                                                                                 
Shiping                                                                                                                                                                                                 
Shiping                                                                                                                                                                                                 
Shiping                                                                                                                                                                                                 
Shiping                                                                                                                                                                                                 
IT                                                                                                                                                                                                      
IT                                                                                                                                                                                                      
IT                                                                                                                                                                                                      
Sales                                                                                                                                                                                                   
Sales                                                                                                                                                                                                   
Sales                                                                                                                                                                                                   
Executive                                                                                                                                                                                               
Executive                                                                                                                                                                                               
Executive                                                                                                                                                                                               
Accounting                                                                                                                                                                                              
Accounting                                                                                                                                                                                              
Contracting                                                                                                                                                                                             

20 rows selected.

SQL> SELECT DEPARTMENT_NAME , FIRST_NAME
  2  FROM EMPLOYEES
  3  RIGHT JOIN DEPARTMENTS USING (DEPARTMENT_ID);

DEPARTMENT_NAME                FIRST_NAME                                                                                                                                                               
------------------------------ ---------------                                                                                                                                                          
Administration                 Jennifer                                                                                                                                                                 
Marketing                      Michael                                                                                                                                                                  
Marketing                      Pat                                                                                                                                                                      
Shiping                        Kevin                                                                                                                                                                    
Shiping                        Peter                                                                                                                                                                    
Shiping                        Randall                                                                                                                                                                  
Shiping                        Curtis                                                                                                                                                                   
Shiping                        Trenna                                                                                                                                                                   
IT                             Diana                                                                                                                                                                    
IT                             Bruce                                                                                                                                                                    
IT                             Alexander                                                                                                                                                                
Sales                          Ellen                                                                                                                                                                    
Sales                          Eleni                                                                                                                                                                    
Sales                          Jonathon                                                                                                                                                                 
Executive                      Lex                                                                                                                                                                      
Executive                      Steven                                                                                                                                                                   
Executive                      Neena                                                                                                                                                                    
Accounting                     William                                                                                                                                                                  
Accounting                     Shelley                                                                                                                                                                  
Contracting                                                                                                                                                                                             

20 rows selected.

SQL> SELECT DEPARTMENT_NAME
  2  FROM EMPLOYEES
  3  RIGHT JOIN DEPARTMENTS USING (DEPARTMENT_ID)
  4  WHERE EMPLOYEE_ID IS NULL;

DEPARTMENT_NAME                                                                                                                                                                                         
------------------------------                                                                                                                                                                          
Contracting                                                                                                                                                                                             

SQL> SELECT DEPARTMENT_NAME
  2  FROM EMPLOYEES
  3  RIGHT JOIN DEPARTMENTS USING (DEPARTMENT_ID)
  4  WHERE FIRST_NAME IS NULL;

DEPARTMENT_NAME                                                                                                                                                                                         
------------------------------                                                                                                                                                                          
Contracting                                                                                                                                                                                             

SQL> SELECT DEPARTMENT_NAME
  2  FROM EMPLOYEES
  3  RIGHT JOIN DEPARTMENTS USING (DEPARTMENT_ID)
  4  WHERE MANAGER_ID IS NULL;
WHERE MANAGER_ID IS NULL
      *
ERROR at line 4:
ORA-00918: column ambiguously defined 


SQL> SELECT DEPARTMENT_NAME
  2  FROM EMPLOYEES
  3  RIGHT JOIN DEPARTMENTS USING (DEPARTMENT_ID)
  4  WHERE EMPLOYEES.MANAGER_ID IS NULL;

DEPARTMENT_NAME                                                                                                                                                                                         
------------------------------                                                                                                                                                                          
Executive                                                                                                                                                                                               
Contracting                                                                                                                                                                                             

SQL> SELECT DEPARTMENT_NAME
  2  FROM EMPLOYEES
  3  RIGHT JOIN DEPARTMENTS USING (DEPARTMENT_ID)
  4  WHERE COMMISSION_PCT IS NULL;

DEPARTMENT_NAME                                                                                                                                                                                         
------------------------------                                                                                                                                                                          
Administration                                                                                                                                                                                          
Marketing                                                                                                                                                                                               
Marketing                                                                                                                                                                                               
Shiping                                                                                                                                                                                                 
Shiping                                                                                                                                                                                                 
Shiping                                                                                                                                                                                                 
Shiping                                                                                                                                                                                                 
Shiping                                                                                                                                                                                                 
IT                                                                                                                                                                                                      
IT                                                                                                                                                                                                      
IT                                                                                                                                                                                                      
Executive                                                                                                                                                                                               
Executive                                                                                                                                                                                               
Executive                                                                                                                                                                                               
Accounting                                                                                                                                                                                              
Accounting                                                                                                                                                                                              
Contracting                                                                                                                                                                                             

17 rows selected.

SQL> SELECT DISTINCT DEPARTMENT_NAME
  2  FROM EMPLOYEES
  3  RIGHT JOIN DEPARTMENTS USING (DEPARTMENT_ID)
  4  WHERE COMMISSION_PCT IS NULL;

DEPARTMENT_NAME                                                                                                                                                                                         
------------------------------                                                                                                                                                                          
Administration                                                                                                                                                                                          
Accounting                                                                                                                                                                                              
IT                                                                                                                                                                                                      
Executive                                                                                                                                                                                               
Shiping                                                                                                                                                                                                 
Contracting                                                                                                                                                                                             
Marketing                                                                                                                                                                                               

7 rows selected.

SQL> REM DISPLAY ALL EXTRA ROWS OF BOTH EMPLOYEES AND DEPARTMENTS TABLE. (IT SHOULD DISPLAY ONLY EXTRA/UNMATCHED ROWS OF BOTH TABLES.)
SQL> 
SQL> SELECT FIRST_NAME , DEPARTMENT_NAME
  2  FROM EMPLOYEES
  3  FULL JOIN DEPARTMENTS USING (DEPARTMENT_ID)
  4  WHERE EMPLOYEE_ID IS NULL OR DEPARTMENT_ID IS NULL;

FIRST_NAME      DEPARTMENT_NAME                                                                                                                                                                         
--------------- ------------------------------                                                                                                                                                          
Kimerely                                                                                                                                                                                                
                Contracting                                                                                                                                                                             

SQL> SELECT * FROM JOB_HISTORY;

EMPLOYEE_ID START_DAT END_DATE  JOB_ID     DEPARTMENT_ID                                                                                                                                                
----------- --------- --------- ---------- -------------                                                                                                                                                
        102 13-JAN-93 24-JUL-98 IT_PROG               60                                                                                                                                                
        101 21-SEP-89 27-OCT-93 AC_ACCOUNT           110                                                                                                                                                
        101 28-OCT-93 15-MAR-97 AC_MGR               110                                                                                                                                                
        201 17-FEB-96 19-DEC-99 MK_REP                20                                                                                                                                                
        114 24-MAR-98 31-DEC-99 ST_CLERK              50                                                                                                                                                
        122 01-JAN-99 31-DEC-99 ST_CLERK              50                                                                                                                                                
        200 17-SEP-87 17-JUN-93 AD_ASST               90                                                                                                                                                
        176 24-MAR-98 31-DEC-98 SA_REP                80                                                                                                                                                
        176 01-JAN-99 31-DEC-99 SA_MAN                80                                                                                                                                                
        200 01-JUL-94 31-DEC-98 AC_ACCOUNT            90                                                                                                                                                

10 rows selected.

SQL> SELECT * FROM EMPLOYEES;

EMPLOYEE_ID FIRST_NAME      LAST_NAME       EMAIL      PHONE_NUMBER         HIRE_DATE JOB_ID         SALARY COMMISSION_PCT MANAGER_ID DEPARTMENT_ID                                                     
----------- --------------- --------------- ---------- -------------------- --------- ---------- ---------- -------------- ---------- -------------                                                     
        100 Steven          King            SKING      515.123.4567         17-JUL-87 AD_PRES         24000                                      90                                                     
        101 Neena           Kochhar         NKOCHHAR   515.123.4568         21-SEP-89 AD_VP           17000                       100            90                                                     
        102 Lex             De Haan         LDEHAAN    515.123.4569         13-JAN-93 AD_VP           17000                       100            90                                                     
        103 Alexander       Hunold          AHUNOLD    590.423.4567         03-JAN-90 IT_PROG          9000                       102            60                                                     
        104 Bruce           Ernst           BERNST     590.423.4568         21-MAY-91 IT_PROG          6000                       103            60                                                     
        107 Diana           Lorentz         DLORENTZ   590.423.5567         07-FEB-99 IT_PROG          4200                       103            60                                                     
        124 Kevin           Mourgos         KMOURGOS   650.123.5234         16-NOV-99 ST_MAN           5800                       100            50                                                     
        141 Trenna          Rajs            TRAJS      650.121.8009         17-OCT-95 ST_CLERK         3500                       124            50                                                     
        142 Curtis          Davies          CDAVIES    650.121.2994         29-JAN-97 ST_CLERK         3100                       124            50                                                     
        143 Randall         Matos           RMATOS     650.121.2874         15-MAR-98 ST_CLERK         2600                       124            50                                                     
        144 Peter           Vargas          PVARGAS    650.121.2004         09-JUL-98 ST_CLERK         2500                       124            50                                                     
        149 Eleni           Zlotkey         EZLOTKEY   011.44.1344.429018   29-JAN-00 SA_MAN          10500             .2        100            80                                                     
        174 Ellen           Abel            EABEL      011.44.1644.429267   11-MAY-96 SA_REP          11000             .3        149            80                                                     
        176 Jonathon        Taylor          JTAYLOR    011.44.1644.429265   24-MAR-98 SA_REP           8600             .3        149            80                                                     
        178 Kimerely        Grant           KGRANT     011.44.1644.429263   24-MAY-99 SA_REP           7000            .15        149                                                                   
        200 Jennifer        Whalen          JWHALEN    515.123.4444         17-SEP-87 AD_ASST          4400                       101            10                                                     
        201 Michael         Hartstein       MHARTSTE   515.123.5555         17-FEB-96 MK_MAN          13000                       100            20                                                     
        202 Pat             Fay             PFAY       603.123.6666         17-AUG-97 MK_REP           6000                       201            20                                                     
        205 Shelley         Higgins         SHIGGINS   515.123.8080         07-JUN-94 AC_MGR          12000                       101           110                                                     
        206 William         Gietz           WGIETZ     515.123.8181         07-JUN-94 AC_ACCOUNT       8300                       205           110                                                     

20 rows selected.

SQL> REM DISPLAY THOSE FIRST_NAME WHO DIDN'T GET ANY PROMOTION.
SQL> 
SQL> SELECT FIRST_NAME
  2  FROM EMPLOYEES
  3  LEFT OUTER JOIN JOB_HISTORY USING (EMPLOYEE_ID)
  4  WHERE START_DATE IS NULL;

FIRST_NAME                                                                                                                                                                                              
---------------                                                                                                                                                                                         
Diana                                                                                                                                                                                                   
Kevin                                                                                                                                                                                                   
William                                                                                                                                                                                                 
Randall                                                                                                                                                                                                 
Bruce                                                                                                                                                                                                   
Trenna                                                                                                                                                                                                  
Ellen                                                                                                                                                                                                   
Alexander                                                                                                                                                                                               
Curtis                                                                                                                                                                                                  
Kimerely                                                                                                                                                                                                
Eleni                                                                                                                                                                                                   
Pat                                                                                                                                                                                                     
Peter                                                                                                                                                                                                   
Shelley                                                                                                                                                                                                 
Steven                                                                                                                                                                                                  

15 rows selected.

SQL> SELECT FIRST_NAME
  2  FROM EMPLOYEES
  3  LEFT OUTER JOIN JOB_HISTORY USING (EMPLOYEE_ID)
  4  WHERE EMPLOYEE_ID IS NULL;

no rows selected

SQL> DESC JOB_HISTORY
 Name                                                                                                              Null?    Type
 ----------------------------------------------------------------------------------------------------------------- -------- ----------------------------------------------------------------------------
 EMPLOYEE_ID                                                                                                       NOT NULL NUMBER(6)
 START_DATE                                                                                                        NOT NULL DATE
 END_DATE                                                                                                          NOT NULL DATE
 JOB_ID                                                                                                            NOT NULL VARCHAR2(10)
 DEPARTMENT_ID                                                                                                              NUMBER(4)

SQL> REM DISPLAY THOSE WHO HAVE GOT PROMOTION.
SQL> 
SQL> SELECT * FROM EMPLOYEES;

EMPLOYEE_ID FIRST_NAME      LAST_NAME       EMAIL      PHONE_NUMBER         HIRE_DATE JOB_ID         SALARY COMMISSION_PCT MANAGER_ID DEPARTMENT_ID                                                     
----------- --------------- --------------- ---------- -------------------- --------- ---------- ---------- -------------- ---------- -------------                                                     
        100 Steven          King            SKING      515.123.4567         17-JUL-87 AD_PRES         24000                                      90                                                     
        101 Neena           Kochhar         NKOCHHAR   515.123.4568         21-SEP-89 AD_VP           17000                       100            90                                                     
        102 Lex             De Haan         LDEHAAN    515.123.4569         13-JAN-93 AD_VP           17000                       100            90                                                     
        103 Alexander       Hunold          AHUNOLD    590.423.4567         03-JAN-90 IT_PROG          9000                       102            60                                                     
        104 Bruce           Ernst           BERNST     590.423.4568         21-MAY-91 IT_PROG          6000                       103            60                                                     
        107 Diana           Lorentz         DLORENTZ   590.423.5567         07-FEB-99 IT_PROG          4200                       103            60                                                     
        124 Kevin           Mourgos         KMOURGOS   650.123.5234         16-NOV-99 ST_MAN           5800                       100            50                                                     
        141 Trenna          Rajs            TRAJS      650.121.8009         17-OCT-95 ST_CLERK         3500                       124            50                                                     
        142 Curtis          Davies          CDAVIES    650.121.2994         29-JAN-97 ST_CLERK         3100                       124            50                                                     
        143 Randall         Matos           RMATOS     650.121.2874         15-MAR-98 ST_CLERK         2600                       124            50                                                     
        144 Peter           Vargas          PVARGAS    650.121.2004         09-JUL-98 ST_CLERK         2500                       124            50                                                     
        149 Eleni           Zlotkey         EZLOTKEY   011.44.1344.429018   29-JAN-00 SA_MAN          10500             .2        100            80                                                     
        174 Ellen           Abel            EABEL      011.44.1644.429267   11-MAY-96 SA_REP          11000             .3        149            80                                                     
        176 Jonathon        Taylor          JTAYLOR    011.44.1644.429265   24-MAR-98 SA_REP           8600             .3        149            80                                                     
        178 Kimerely        Grant           KGRANT     011.44.1644.429263   24-MAY-99 SA_REP           7000            .15        149                                                                   
        200 Jennifer        Whalen          JWHALEN    515.123.4444         17-SEP-87 AD_ASST          4400                       101            10                                                     
        201 Michael         Hartstein       MHARTSTE   515.123.5555         17-FEB-96 MK_MAN          13000                       100            20                                                     
        202 Pat             Fay             PFAY       603.123.6666         17-AUG-97 MK_REP           6000                       201            20                                                     
        205 Shelley         Higgins         SHIGGINS   515.123.8080         07-JUN-94 AC_MGR          12000                       101           110                                                     
        206 William         Gietz           WGIETZ     515.123.8181         07-JUN-94 AC_ACCOUNT       8300                       205           110                                                     

20 rows selected.

SQL> SELECT * FROM JOB_HISTORY;

EMPLOYEE_ID START_DAT END_DATE  JOB_ID     DEPARTMENT_ID                                                                                                                                                
----------- --------- --------- ---------- -------------                                                                                                                                                
        102 13-JAN-93 24-JUL-98 IT_PROG               60                                                                                                                                                
        101 21-SEP-89 27-OCT-93 AC_ACCOUNT           110                                                                                                                                                
        101 28-OCT-93 15-MAR-97 AC_MGR               110                                                                                                                                                
        201 17-FEB-96 19-DEC-99 MK_REP                20                                                                                                                                                
        114 24-MAR-98 31-DEC-99 ST_CLERK              50                                                                                                                                                
        122 01-JAN-99 31-DEC-99 ST_CLERK              50                                                                                                                                                
        200 17-SEP-87 17-JUN-93 AD_ASST               90                                                                                                                                                
        176 24-MAR-98 31-DEC-98 SA_REP                80                                                                                                                                                
        176 01-JAN-99 31-DEC-99 SA_MAN                80                                                                                                                                                
        200 01-JUL-94 31-DEC-98 AC_ACCOUNT            90                                                                                                                                                

10 rows selected.

SQL> SELECT FIRST_NAME FROM EMPLOYEES LEFT JOIN JOB_HISTORY USING (EMPLOYEE_ID) WHERE START_DATE IS NOT NULL;

FIRST_NAME                                                                                                                                                                                              
---------------                                                                                                                                                                                         
Neena                                                                                                                                                                                                   
Neena                                                                                                                                                                                                   
Lex                                                                                                                                                                                                     
Jonathon                                                                                                                                                                                                
Jonathon                                                                                                                                                                                                
Jennifer                                                                                                                                                                                                
Jennifer                                                                                                                                                                                                
Michael                                                                                                                                                                                                 

8 rows selected.

SQL> SELECT DISTINCT FIRST_NAME FROM EMPLOYEES E LEFT OUTER JOIN JOB_HISTORY JH USING (EMPLOYEE_ID) WHERE START_DATE IS NOT NULL;

FIRST_NAME                                                                                                                                                                                              
---------------                                                                                                                                                                                         
Michael                                                                                                                                                                                                 
Jonathon                                                                                                                                                                                                
Lex                                                                                                                                                                                                     
Neena                                                                                                                                                                                                   
Jennifer                                                                                                                                                                                                

SQL> SELECT DISTINCT FIRST_NAME
  2  FROM EMPLOYEES E
  3  RIGHT JOIN JOB_HISTORY J USING (EMPLOYEE_ID)
  4  WHERE E.JOB_ID <> J.JOB_ID;

FIRST_NAME                                                                                                                                                                                              
---------------                                                                                                                                                                                         
Michael                                                                                                                                                                                                 
Jonathon                                                                                                                                                                                                
Lex                                                                                                                                                                                                     
Neena                                                                                                                                                                                                   
Jennifer                                                                                                                                                                                                

SQL> SELECT  FIRST_NAME,COUNT(*) "PROMOTIONS" FROM EMPLOYEES E LEFT OUTER JOIN JOB_HISTORY JH USING (EMPLOYEE_ID) WHERE START_DATE IS NOT NULL GROUP BY FIRST_NAME;

FIRST_NAME      PROMOTIONS                                                                                                                                                                              
--------------- ----------                                                                                                                                                                              
Michael                  1                                                                                                                                                                              
Jonathon                 2                                                                                                                                                                              
Lex                      1                                                                                                                                                                              
Neena                    2                                                                                                                                                                              
Jennifer                 2                                                                                                                                                                              

SQL> SELECT DISTINCT FIRST_NAME, COUNT(*) FROM EMPLOYEES LEFT JOIN JOB_HISTORY USING (EMPLOYEE_ID) WHERE START_DATE IS NOT NULL GROUP BY FIRST_NAME;

FIRST_NAME        COUNT(*)                                                                                                                                                                              
--------------- ----------                                                                                                                                                                              
Michael                  1                                                                                                                                                                              
Jonathon                 2                                                                                                                                                                              
Lex                      1                                                                                                                                                                              
Neena                    2                                                                                                                                                                              
Jennifer                 2                                                                                                                                                                              

SQL> REM FIRST_NAME , JOB_ID ON WHICH EMPLOYEE IS PROMOTED.
SQL> 
SQL> SELECT  FIRST_NAME,E.JOB_ID FROM EMPLOYEES E LEFT OUTER JOIN JOB_HISTORY JH USING (EMPLOYEE_ID) WHERE START_DATE IS NOT NULL ;

FIRST_NAME      JOB_ID                                                                                                                                                                                  
--------------- ----------                                                                                                                                                                              
Neena           AD_VP                                                                                                                                                                                   
Neena           AD_VP                                                                                                                                                                                   
Lex             AD_VP                                                                                                                                                                                   
Jonathon        SA_REP                                                                                                                                                                                  
Jonathon        SA_REP                                                                                                                                                                                  
Jennifer        AD_ASST                                                                                                                                                                                 
Jennifer        AD_ASST                                                                                                                                                                                 
Michael         MK_MAN                                                                                                                                                                                  

8 rows selected.

SQL> SELECT  FIRST_NAME,E.JOB_ID FROM EMPLOYEES E LEFT OUTER JOIN JOB_HISTORY JH USING (EMPLOYEE_ID) WHERE START_DATE IS NOT NULL ;

FIRST_NAME      JOB_ID                                                                                                                                                                                  
--------------- ----------                                                                                                                                                                              
Neena           AD_VP                                                                                                                                                                                   
Neena           AD_VP                                                                                                                                                                                   
Lex             AD_VP                                                                                                                                                                                   
Jonathon        SA_REP                                                                                                                                                                                  
Jonathon        SA_REP                                                                                                                                                                                  
Jennifer        AD_ASST                                                                                                                                                                                 
Jennifer        AD_ASST                                                                                                                                                                                 
Michael         MK_MAN                                                                                                                                                                                  

8 rows selected.

SQL> SELECT  DISTINCT FIRST_NAME,JH.JOB_ID FROM EMPLOYEES E LEFT OUTER JOIN JOB_HISTORY JH USING (EMPLOYEE_ID) WHERE START_DATE IS NOT NULL ;

FIRST_NAME      JOB_ID                                                                                                                                                                                  
--------------- ----------                                                                                                                                                                              
Lex             IT_PROG                                                                                                                                                                                 
Jennifer        AC_ACCOUNT                                                                                                                                                                              
Neena           AC_MGR                                                                                                                                                                                  
Neena           AC_ACCOUNT                                                                                                                                                                              
Jennifer        AD_ASST                                                                                                                                                                                 
Jonathon        SA_REP                                                                                                                                                                                  
Jonathon        SA_MAN                                                                                                                                                                                  
Michael         MK_REP                                                                                                                                                                                  

8 rows selected.

SQL> SELECT * FROM JOB_HISTORY;

EMPLOYEE_ID START_DAT END_DATE  JOB_ID     DEPARTMENT_ID                                                                                                                                                
----------- --------- --------- ---------- -------------                                                                                                                                                
        102 13-JAN-93 24-JUL-98 IT_PROG               60                                                                                                                                                
        101 21-SEP-89 27-OCT-93 AC_ACCOUNT           110                                                                                                                                                
        101 28-OCT-93 15-MAR-97 AC_MGR               110                                                                                                                                                
        201 17-FEB-96 19-DEC-99 MK_REP                20                                                                                                                                                
        114 24-MAR-98 31-DEC-99 ST_CLERK              50                                                                                                                                                
        122 01-JAN-99 31-DEC-99 ST_CLERK              50                                                                                                                                                
        200 17-SEP-87 17-JUN-93 AD_ASST               90                                                                                                                                                
        176 24-MAR-98 31-DEC-98 SA_REP                80                                                                                                                                                
        176 01-JAN-99 31-DEC-99 SA_MAN                80                                                                                                                                                
        200 01-JUL-94 31-DEC-98 AC_ACCOUNT            90                                                                                                                                                

10 rows selected.

SQL> SELECT  DISTINCT FIRST_NAME,JH.JOB_ID PROMOTED_JOB , E.JOB_ID CURRENT_JOB FROM EMPLOYEES E LEFT OUTER JOIN JOB_HISTORY JH USING (EMPLOYEE_ID) WHERE START_DATE IS NOT NULL ;

FIRST_NAME      PROMOTED_J CURRENT_JO                                                                                                                                                                   
--------------- ---------- ----------                                                                                                                                                                   
Jennifer        AC_ACCOUNT AD_ASST                                                                                                                                                                      
Neena           AC_MGR     AD_VP                                                                                                                                                                        
Jennifer        AD_ASST    AD_ASST                                                                                                                                                                      
Lex             IT_PROG    AD_VP                                                                                                                                                                        
Neena           AC_ACCOUNT AD_VP                                                                                                                                                                        
Jonathon        SA_REP     SA_REP                                                                                                                                                                       
Michael         MK_REP     MK_MAN                                                                                                                                                                       
Jonathon        SA_MAN     SA_REP                                                                                                                                                                       

8 rows selected.

SQL> SELECT * FROM COUNTRIES;

CO COUNTRY_NAME                              REGION_ID                                                                                                                                                  
-- ---------------------------------------- ----------                                                                                                                                                  
CA Canada                                            2                                                                                                                                                  
DE Germany                                           1                                                                                                                                                  
UK United Kingdom                                    1                                                                                                                                                  
US United States of America                          2                                                                                                                                                  

SQL> SELECT * FROM REGIONS;

 REGION_ID REGION_NAME                                                                                                                                                                                  
---------- -------------------------                                                                                                                                                                    
         1 Europe                                                                                                                                                                                       
         2 Americas                                                                                                                                                                                     
         3 Asia                                                                                                                                                                                         
         4 Middle East and Africa                                                                                                                                                                       

SQL> REM DISPLAY THOSE REGION_NAME FOR WHICH NO COUNTRY IS STILL SELECTED FOR COMPANY OUTLET.
SQL> 
SQL> SELECT REGION_NAME
  2  FROM COUNTRIES C
  3  RIGHT JOIN REGIONS R ON C.REGION_ID = R.REGION_ID
  4  WHERE C.REGION_ID IS NULL;

REGION_NAME                                                                                                                                                                                             
-------------------------                                                                                                                                                                               
Middle East and Africa                                                                                                                                                                                  
Asia                                                                                                                                                                                                    

SQL> SELECT REGION_NAME FROM REGIONS LEFT OUTER JOIN COUNTRIES USING (REGION_ID) WHERE COUNTRY_ID IS NULL;

REGION_NAME                                                                                                                                                                                             
-------------------------                                                                                                                                                                               
Middle East and Africa                                                                                                                                                                                  
Asia                                                                                                                                                                                                    

SQL> SPOOL OFF
