SQL> 
SQL> CL SCR

SQL> REM CONDITIONAL FUNCTIONS : 1 DECODE 2 CASE ... WHEN ... THEN ... END 3 CASE WHEN ... THEN ... END
SQL> 
SQL> REM CONDITIONAL FUNCTION PROVIDES FUNCTIONALITY LIKE IF STATEMENT OF ALMOST ALL PROGRAMMING LANGUAGES.
SQL> 
SQL> REM DECODE AND CASE ... WHEN ... THEN ... END CAN PERFORM ONLY EQUALITY COMPARISON.
SQL> 
SQL> REM COMPANY DECLARES +1500 INCREMENT FOR ALL EMPLOYEES.
SQL> 
SQL> SET LINES 200 PAGES 24
SQL> 
SQL> SELECT FIRST_NAME , SALARY , SALARY + 1500 INCREMENTED_SALARY FROM EMPLOYEES;

FIRST_NAME          SALARY INCREMENTED_SALARY                                                                                                                                                           
--------------- ---------- ------------------                                                                                                                                                           
Steven               24000              25500                                                                                                                                                           
Neena                17000              18500                                                                                                                                                           
Lex                  17000              18500                                                                                                                                                           
Alexander             9000              10500                                                                                                                                                           
Bruce                 6000               7500                                                                                                                                                           
Diana                 4200               5700                                                                                                                                                           
Kevin                 5800               7300                                                                                                                                                           
Trenna                3500               5000                                                                                                                                                           
Curtis                3100               4600                                                                                                                                                           
Randall               2600               4100                                                                                                                                                           
Peter                 2500               4000                                                                                                                                                           
Eleni                10500              12000                                                                                                                                                           
Ellen                11000              12500                                                                                                                                                           
Jonathon              8600              10100                                                                                                                                                           
Kimerely              7000               8500                                                                                                                                                           
Jennifer              4400               5900                                                                                                                                                           
Michael              13000              14500                                                                                                                                                           
Pat                   6000               7500                                                                                                                                                           
Shelley              12000              13500                                                                                                                                                           
William               8300               9800                                                                                                                                                           

20 rows selected.

SQL> REM COMPANY DECLARES 20% INCREMENT FOR ALL EMPLOYEES.
SQL> 
SQL> SELECT FIRST_NAME , SALARY , SALARY * 1.2 INCREMENTED_SALARY FROM EMPLOYEES;

FIRST_NAME          SALARY INCREMENTED_SALARY                                                                                                                                                           
--------------- ---------- ------------------                                                                                                                                                           
Steven               24000              28800                                                                                                                                                           
Neena                17000              20400                                                                                                                                                           
Lex                  17000              20400                                                                                                                                                           
Alexander             9000              10800                                                                                                                                                           
Bruce                 6000               7200                                                                                                                                                           
Diana                 4200               5040                                                                                                                                                           
Kevin                 5800               6960                                                                                                                                                           
Trenna                3500               4200                                                                                                                                                           
Curtis                3100               3720                                                                                                                                                           
Randall               2600               3120                                                                                                                                                           
Peter                 2500               3000                                                                                                                                                           
Eleni                10500              12600                                                                                                                                                           
Ellen                11000              13200                                                                                                                                                           
Jonathon              8600              10320                                                                                                                                                           
Kimerely              7000               8400                                                                                                                                                           
Jennifer              4400               5280                                                                                                                                                           
Michael              13000              15600                                                                                                                                                           
Pat                   6000               7200                                                                                                                                                           
Shelley              12000              14400                                                                                                                                                           
William               8300               9960                                                                                                                                                           

20 rows selected.

SQL> REM COMPANY DECLARES INCREMENT DEPARTMENT ID WISE : 20 +300 , 50 +600 , 60 +900 , 90 +1200 FOR REMAINING DEPARTMENTS +750
SQL> 
SQL> SELECT FIRST_NAME , DEPARTMENT_ID , SALARY ,
  2  DECODE ( DEPARTMENT_ID , 20 , SALARY + 300
  3                         , 50 , SALARY + 600
  4                         , 60 , SALARY + 900
  5                         , 90 , SALARY + 1200 , SALARY + 750) NEW_SALARY
  6  FROM EMPLOYEES;

FIRST_NAME      DEPARTMENT_ID     SALARY NEW_SALARY                                                                                                                                                     
--------------- ------------- ---------- ----------                                                                                                                                                     
Steven                     90      24000      25200                                                                                                                                                     
Neena                      90      17000      18200                                                                                                                                                     
Lex                        90      17000      18200                                                                                                                                                     
Alexander                  60       9000       9900                                                                                                                                                     
Bruce                      60       6000       6900                                                                                                                                                     
Diana                      60       4200       5100                                                                                                                                                     
Kevin                      50       5800       6400                                                                                                                                                     
Trenna                     50       3500       4100                                                                                                                                                     
Curtis                     50       3100       3700                                                                                                                                                     
Randall                    50       2600       3200                                                                                                                                                     
Peter                      50       2500       3100                                                                                                                                                     
Eleni                      80      10500      11250                                                                                                                                                     
Ellen                      80      11000      11750                                                                                                                                                     
Jonathon                   80       8600       9350                                                                                                                                                     
Kimerely                            7000       7750                                                                                                                                                     
Jennifer                   10       4400       5150                                                                                                                                                     
Michael                    20      13000      13300                                                                                                                                                     
Pat                        20       6000       6300                                                                                                                                                     
Shelley                   110      12000      12750                                                                                                                                                     
William                   110       8300       9050                                                                                                                                                     

20 rows selected.

SQL> SELECT FIRST_NAME , DEPARTMENT_ID , SALARY ,
  2  DECODE ( DEPARTMENT_ID , 20 , SALARY + 300
  3                         , 50 , SALARY + 600
  4                         , 60 , SALARY + 900
  5                         , 90 , SALARY + 1200) NEW_SALARY
  6  FROM EMPLOYEES;

FIRST_NAME      DEPARTMENT_ID     SALARY NEW_SALARY                                                                                                                                                     
--------------- ------------- ---------- ----------                                                                                                                                                     
Steven                     90      24000      25200                                                                                                                                                     
Neena                      90      17000      18200                                                                                                                                                     
Lex                        90      17000      18200                                                                                                                                                     
Alexander                  60       9000       9900                                                                                                                                                     
Bruce                      60       6000       6900                                                                                                                                                     
Diana                      60       4200       5100                                                                                                                                                     
Kevin                      50       5800       6400                                                                                                                                                     
Trenna                     50       3500       4100                                                                                                                                                     
Curtis                     50       3100       3700                                                                                                                                                     
Randall                    50       2600       3200                                                                                                                                                     
Peter                      50       2500       3100                                                                                                                                                     
Eleni                      80      10500                                                                                                                                                                
Ellen                      80      11000                                                                                                                                                                
Jonathon                   80       8600                                                                                                                                                                
Kimerely                            7000                                                                                                                                                                
Jennifer                   10       4400                                                                                                                                                                
Michael                    20      13000      13300                                                                                                                                                     
Pat                        20       6000       6300                                                                                                                                                     
Shelley                   110      12000                                                                                                                                                                
William                   110       8300                                                                                                                                                                

20 rows selected.

SQL> REM JOB_ID : IT_PROG 20% , ST_CLERK 30% , SA_REP 40% , AD_VP 10% , REMAINING 7.5%
SQL> 
SQL> SELECT SALARY,JOB_ID,FIRST_NAME,LAST_NAME,DECODE(JOB_ID,'IT_PROG',SALARY*1.2,'ST_CLERK', SALARY*1.3,'SA_REP', SALARY*1.4,'AD_VP', SALARY*1.1,SALARY*1.075) FROM EMPLOYEES;

    SALARY JOB_ID     FIRST_NAME      LAST_NAME       DECODE(JOB_ID,'IT_PROG',SALARY*1.2,'ST_CLERK',SALARY*1.3,'SA_REP',SALARY*1.4,'AD_VP',SALARY*1.1,SALARY*1.075)                                     
---------- ---------- --------------- --------------- -------------------------------------------------------------------------------------------------------------                                     
     24000 AD_PRES    Steven          King                                                                                                                    25800                                     
     17000 AD_VP      Neena           Kochhar                                                                                                                 18700                                     
     17000 AD_VP      Lex             De Haan                                                                                                                 18700                                     
      9000 IT_PROG    Alexander       Hunold                                                                                                                  10800                                     
      6000 IT_PROG    Bruce           Ernst                                                                                                                    7200                                     
      4200 IT_PROG    Diana           Lorentz                                                                                                                  5040                                     
      5800 ST_MAN     Kevin           Mourgos                                                                                                                  6235                                     
      3500 ST_CLERK   Trenna          Rajs                                                                                                                     4550                                     
      3100 ST_CLERK   Curtis          Davies                                                                                                                   4030                                     
      2600 ST_CLERK   Randall         Matos                                                                                                                    3380                                     
      2500 ST_CLERK   Peter           Vargas                                                                                                                   3250                                     
     10500 SA_MAN     Eleni           Zlotkey                                                                                                               11287.5                                     
     11000 SA_REP     Ellen           Abel                                                                                                                    15400                                     
      8600 SA_REP     Jonathon        Taylor                                                                                                                  12040                                     
      7000 SA_REP     Kimerely        Grant                                                                                                                    9800                                     
      4400 AD_ASST    Jennifer        Whalen                                                                                                                   4730                                     
     13000 MK_MAN     Michael         Hartstein                                                                                                               13975                                     
      6000 MK_REP     Pat             Fay                                                                                                                      6450                                     
     12000 AC_MGR     Shelley         Higgins                                                                                                                 12900                                     
      8300 AC_ACCOUNT William         Gietz                                                                                                                  8922.5                                     

20 rows selected.

SQL> SELECT SALARY,JOB_ID,FIRST_NAME,LAST_NAME,DECODE(JOB_ID,'IT_PROG',SALARY*1.2,'ST_CLERK', SALARY*1.3,'SA_REP', SALARY*1.4,'AD_VP', SALARY*1.1,SALARY*1.075) NEW_SALARY FROM EMPLOYEES;

    SALARY JOB_ID     FIRST_NAME      LAST_NAME       NEW_SALARY                                                                                                                                        
---------- ---------- --------------- --------------- ----------                                                                                                                                        
     24000 AD_PRES    Steven          King                 25800                                                                                                                                        
     17000 AD_VP      Neena           Kochhar              18700                                                                                                                                        
     17000 AD_VP      Lex             De Haan              18700                                                                                                                                        
      9000 IT_PROG    Alexander       Hunold               10800                                                                                                                                        
      6000 IT_PROG    Bruce           Ernst                 7200                                                                                                                                        
      4200 IT_PROG    Diana           Lorentz               5040                                                                                                                                        
      5800 ST_MAN     Kevin           Mourgos               6235                                                                                                                                        
      3500 ST_CLERK   Trenna          Rajs                  4550                                                                                                                                        
      3100 ST_CLERK   Curtis          Davies                4030                                                                                                                                        
      2600 ST_CLERK   Randall         Matos                 3380                                                                                                                                        
      2500 ST_CLERK   Peter           Vargas                3250                                                                                                                                        
     10500 SA_MAN     Eleni           Zlotkey            11287.5                                                                                                                                        
     11000 SA_REP     Ellen           Abel                 15400                                                                                                                                        
      8600 SA_REP     Jonathon        Taylor               12040                                                                                                                                        
      7000 SA_REP     Kimerely        Grant                 9800                                                                                                                                        
      4400 AD_ASST    Jennifer        Whalen                4730                                                                                                                                        
     13000 MK_MAN     Michael         Hartstein            13975                                                                                                                                        
      6000 MK_REP     Pat             Fay                   6450                                                                                                                                        
     12000 AC_MGR     Shelley         Higgins              12900                                                                                                                                        
      8300 AC_ACCOUNT William         Gietz               8922.5                                                                                                                                        

20 rows selected.

SQL> REM JOB_ID : IT_PROG 20% , ST_CLERK 30% , SA_REP 40% , AD_VP 10% , REMAINING 7.5%
SQL> 
SQL> SELECT JOB_ID,SALARY,DECODE(JOB_ID , 'IT_PROG',SALARY*1.2
  2                              , 'ST_CLERK' ,SALARY*1.3
  3                              ,'SA_REP' ,SALARY*1.4
  4                              ,'AD_VP' ,SALARY*1.1,SALARY*8.5) FROM EMPLOYEES;

JOB_ID         SALARY DECODE(JOB_ID,'IT_PROG',SALARY*1.2,'ST_CLERK',SALARY*1.3,'SA_REP',SALARY*1.4,'AD_VP',SALARY*1.1,SALARY*8.5)                                                                       
---------- ---------- -----------------------------------------------------------------------------------------------------------                                                                       
AD_PRES         24000                                                                                                      204000                                                                       
AD_VP           17000                                                                                                       18700                                                                       
AD_VP           17000                                                                                                       18700                                                                       
IT_PROG          9000                                                                                                       10800                                                                       
IT_PROG          6000                                                                                                        7200                                                                       
IT_PROG          4200                                                                                                        5040                                                                       
ST_MAN           5800                                                                                                       49300                                                                       
ST_CLERK         3500                                                                                                        4550                                                                       
ST_CLERK         3100                                                                                                        4030                                                                       
ST_CLERK         2600                                                                                                        3380                                                                       
ST_CLERK         2500                                                                                                        3250                                                                       
SA_MAN          10500                                                                                                       89250                                                                       
SA_REP          11000                                                                                                       15400                                                                       
SA_REP           8600                                                                                                       12040                                                                       
SA_REP           7000                                                                                                        9800                                                                       
AD_ASST          4400                                                                                                       37400                                                                       
MK_MAN          13000                                                                                                      110500                                                                       
MK_REP           6000                                                                                                       51000                                                                       
AC_MGR          12000                                                                                                      102000                                                                       
AC_ACCOUNT       8300                                                                                                       70550                                                                       

20 rows selected.

SQL> REM CASE ... WHEN ... THEN ... WHEN ... THEN ... ... ELSE ... END
SQL> 
SQL> REM THE ABOVE CAN ALSO PERFORM EQUALITY COMPARISON LIKE DECODE FUNCTION.
SQL> 
SQL> SELECT FIRST_NAME , DEPARTMENT_ID , SALARY ,
  2  DECODE ( DEPARTMENT_ID , 20 , SALARY + 300
  3                         , 50 , SALARY + 600
  4                         , 60 , SALARY + 900
  5                         , 90 , SALARY + 1200 , SALARY + 750) NEW_SALARY
  6  FROM EMPLOYEES;

FIRST_NAME      DEPARTMENT_ID     SALARY NEW_SALARY                                                                                                                                                     
--------------- ------------- ---------- ----------                                                                                                                                                     
Steven                     90      24000      25200                                                                                                                                                     
Neena                      90      17000      18200                                                                                                                                                     
Lex                        90      17000      18200                                                                                                                                                     
Alexander                  60       9000       9900                                                                                                                                                     
Bruce                      60       6000       6900                                                                                                                                                     
Diana                      60       4200       5100                                                                                                                                                     
Kevin                      50       5800       6400                                                                                                                                                     
Trenna                     50       3500       4100                                                                                                                                                     
Curtis                     50       3100       3700                                                                                                                                                     
Randall                    50       2600       3200                                                                                                                                                     
Peter                      50       2500       3100                                                                                                                                                     
Eleni                      80      10500      11250                                                                                                                                                     
Ellen                      80      11000      11750                                                                                                                                                     
Jonathon                   80       8600       9350                                                                                                                                                     
Kimerely                            7000       7750                                                                                                                                                     
Jennifer                   10       4400       5150                                                                                                                                                     
Michael                    20      13000      13300                                                                                                                                                     
Pat                        20       6000       6300                                                                                                                                                     
Shelley                   110      12000      12750                                                                                                                                                     
William                   110       8300       9050                                                                                                                                                     

20 rows selected.

SQL> SELECT FIRST_NAME , DEPARTMENT_ID , SALARY ,
  2  CASE DEPARTMENT_ID WHEN 20 THEN SALARY + 300
  3                     WHEN 50 THEN SALARY + 600
  4                     WHEN 60 THEN SALARY + 900
  5                     WHEN 90 THEN SALARY + 1200 ELSE SALARY + 750 END NEW_SALARY
  6  FROM EMPLOYEES;

FIRST_NAME      DEPARTMENT_ID     SALARY NEW_SALARY                                                                                                                                                     
--------------- ------------- ---------- ----------                                                                                                                                                     
Steven                     90      24000      25200                                                                                                                                                     
Neena                      90      17000      18200                                                                                                                                                     
Lex                        90      17000      18200                                                                                                                                                     
Alexander                  60       9000       9900                                                                                                                                                     
Bruce                      60       6000       6900                                                                                                                                                     
Diana                      60       4200       5100                                                                                                                                                     
Kevin                      50       5800       6400                                                                                                                                                     
Trenna                     50       3500       4100                                                                                                                                                     
Curtis                     50       3100       3700                                                                                                                                                     
Randall                    50       2600       3200                                                                                                                                                     
Peter                      50       2500       3100                                                                                                                                                     
Eleni                      80      10500      11250                                                                                                                                                     
Ellen                      80      11000      11750                                                                                                                                                     
Jonathon                   80       8600       9350                                                                                                                                                     
Kimerely                            7000       7750                                                                                                                                                     
Jennifer                   10       4400       5150                                                                                                                                                     
Michael                    20      13000      13300                                                                                                                                                     
Pat                        20       6000       6300                                                                                                                                                     
Shelley                   110      12000      12750                                                                                                                                                     
William                   110       8300       9050                                                                                                                                                     

20 rows selected.

SQL> REM JOB_ID : IT_PROG 20% , ST_CLERK 30% , SA_REP 40% , AD_VP 10% , REMAINING 7.5%
SQL> 
SQL> SELECT JOB_ID,SALARY,CASE JOB_ID WHEN'IT_PROG'THEN SALARY*1.2
  2                              WHEN 'ST_CLERK' THEN SALARY*1.3
  3                              WHEN 'SA_REP' THEN SALARY*1.4
  4                              WHEN 'AD_VP' THEN SALARY*1.1 ELSE SALARY*1.075 END NEW_SALARY
  5                              FROM EMPLOYEES;

JOB_ID         SALARY NEW_SALARY                                                                                                                                                                        
---------- ---------- ----------                                                                                                                                                                        
AD_PRES         24000      25800                                                                                                                                                                        
AD_VP           17000      18700                                                                                                                                                                        
AD_VP           17000      18700                                                                                                                                                                        
IT_PROG          9000      10800                                                                                                                                                                        
IT_PROG          6000       7200                                                                                                                                                                        
IT_PROG          4200       5040                                                                                                                                                                        
ST_MAN           5800       6235                                                                                                                                                                        
ST_CLERK         3500       4550                                                                                                                                                                        
ST_CLERK         3100       4030                                                                                                                                                                        
ST_CLERK         2600       3380                                                                                                                                                                        
ST_CLERK         2500       3250                                                                                                                                                                        
SA_MAN          10500    11287.5                                                                                                                                                                        
SA_REP          11000      15400                                                                                                                                                                        
SA_REP           8600      12040                                                                                                                                                                        
SA_REP           7000       9800                                                                                                                                                                        
AD_ASST          4400       4730                                                                                                                                                                        
MK_MAN          13000      13975                                                                                                                                                                        
MK_REP           6000       6450                                                                                                                                                                        
AC_MGR          12000      12900                                                                                                                                                                        
AC_ACCOUNT       8300     8922.5                                                                                                                                                                        

20 rows selected.

SQL> REM COMPANY DECLARES INCREMENT BASED ON SALARY RANGE : 0-6000 +1500 , 6001-9000 +1200 , 9001-13000 +900 , REMAINING +600
SQL> 
SQL> SELECT FIRST_NAME , SALARY ,
  2  CASE WHEN SALARY BETWEEN      0 AND  6000 THEN SALARY + 1500
  3       WHEN SALARY BETWEEN   6001 AND  9000 THEN SALARY + 1200
  4       WHEN SALARY BETWEEN   9001 AND 13000 THEN SALARY + 900  ELSE SALARY + 600 END NEW_SALARY
  5  FROM EMPLOYEES
  6  ORDER BY 2;

FIRST_NAME          SALARY NEW_SALARY                                                                                                                                                                   
--------------- ---------- ----------                                                                                                                                                                   
Peter                 2500       4000                                                                                                                                                                   
Randall               2600       4100                                                                                                                                                                   
Curtis                3100       4600                                                                                                                                                                   
Trenna                3500       5000                                                                                                                                                                   
Diana                 4200       5700                                                                                                                                                                   
Jennifer              4400       5900                                                                                                                                                                   
Kevin                 5800       7300                                                                                                                                                                   
Bruce                 6000       7500                                                                                                                                                                   
Pat                   6000       7500                                                                                                                                                                   
Kimerely              7000       8200                                                                                                                                                                   
William               8300       9500                                                                                                                                                                   
Jonathon              8600       9800                                                                                                                                                                   
Alexander             9000      10200                                                                                                                                                                   
Eleni                10500      11400                                                                                                                                                                   
Ellen                11000      11900                                                                                                                                                                   
Shelley              12000      12900                                                                                                                                                                   
Michael              13000      13900                                                                                                                                                                   
Neena                17000      17600                                                                                                                                                                   
Lex                  17000      17600                                                                                                                                                                   
Steven               24000      24600                                                                                                                                                                   

20 rows selected.

SQL> REM INCREMENT IS BASED ON HIRE YEAR : UPTO 92 : 40% , 93-95 30% , 96-98 20% REMAINING 15%
SQL> 
SQL> SELECT HIRE_DATE,FIRST_NAME,CASE  WHEN HIRE_DATE<'31-DEC-1992' THEN SALARY*1.4
  2                                   WHEN HIRE_DATE BETWEEN '1-JAN-1993' AND '31-DEC-1995' THEN SALARY*1.3
  3                              WHEN HIRE_DATE BETWEEN '1-JAN-1996' AND '31-DEC-1998' THEN SALARY*1.2
  4                              ELSE SALARY*1.15 END NEW_SALARY
  5                              FROM EMPLOYEES;

HIRE_DATE FIRST_NAME      NEW_SALARY                                                                                                                                                                    
--------- --------------- ----------                                                                                                                                                                    
17-JUL-87 Steven               33600                                                                                                                                                                    
21-SEP-89 Neena                23800                                                                                                                                                                    
13-JAN-93 Lex                  22100                                                                                                                                                                    
03-JAN-90 Alexander            12600                                                                                                                                                                    
21-MAY-91 Bruce                 8400                                                                                                                                                                    
07-FEB-99 Diana                 4830                                                                                                                                                                    
16-NOV-99 Kevin                 6670                                                                                                                                                                    
17-OCT-95 Trenna                4550                                                                                                                                                                    
29-JAN-97 Curtis                3720                                                                                                                                                                    
15-MAR-98 Randall               3120                                                                                                                                                                    
09-JUL-98 Peter                 3000                                                                                                                                                                    
29-JAN-00 Eleni                12075                                                                                                                                                                    
11-MAY-96 Ellen                13200                                                                                                                                                                    
24-MAR-98 Jonathon             10320                                                                                                                                                                    
24-MAY-99 Kimerely              8050                                                                                                                                                                    
17-SEP-87 Jennifer              6160                                                                                                                                                                    
17-FEB-96 Michael              15600                                                                                                                                                                    
17-AUG-97 Pat                   7200                                                                                                                                                                    
07-JUN-94 Shelley              15600                                                                                                                                                                    
07-JUN-94 William              10790                                                                                                                                                                    

20 rows selected.

SQL> SELECT FIRST_NAME,HIRE_DATE , SALARY , CASE  WHEN HIRE_DATE<'31-DEC-1992' THEN SALARY*1.4
  2                                   WHEN HIRE_DATE BETWEEN '1-JAN-1993' AND '31-DEC-1995' THEN SALARY*1.3
  3                              WHEN HIRE_DATE BETWEEN '1-JAN-1996' AND '31-DEC-1998' THEN SALARY*1.2
  4                              ELSE SALARY*1.15 END NEW_SALARY
  5                              FROM EMPLOYEES;

FIRST_NAME      HIRE_DATE     SALARY NEW_SALARY                                                                                                                                                         
--------------- --------- ---------- ----------                                                                                                                                                         
Steven          17-JUL-87      24000      33600                                                                                                                                                         
Neena           21-SEP-89      17000      23800                                                                                                                                                         
Lex             13-JAN-93      17000      22100                                                                                                                                                         
Alexander       03-JAN-90       9000      12600                                                                                                                                                         
Bruce           21-MAY-91       6000       8400                                                                                                                                                         
Diana           07-FEB-99       4200       4830                                                                                                                                                         
Kevin           16-NOV-99       5800       6670                                                                                                                                                         
Trenna          17-OCT-95       3500       4550                                                                                                                                                         
Curtis          29-JAN-97       3100       3720                                                                                                                                                         
Randall         15-MAR-98       2600       3120                                                                                                                                                         
Peter           09-JUL-98       2500       3000                                                                                                                                                         
Eleni           29-JAN-00      10500      12075                                                                                                                                                         
Ellen           11-MAY-96      11000      13200                                                                                                                                                         
Jonathon        24-MAR-98       8600      10320                                                                                                                                                         
Kimerely        24-MAY-99       7000       8050                                                                                                                                                         
Jennifer        17-SEP-87       4400       6160                                                                                                                                                         
Michael         17-FEB-96      13000      15600                                                                                                                                                         
Pat             17-AUG-97       6000       7200                                                                                                                                                         
Shelley         07-JUN-94      12000      15600                                                                                                                                                         
William         07-JUN-94       8300      10790                                                                                                                                                         

20 rows selected.

SQL> REM INCREMENT IS BASED ON HIRE YEAR : UPTO 92 : 40% , 93-95 30% , 96-98 20% REMAINING 15%
SQL> 
SQL> SELECT FIRST_NAME, LAST_NAME, HIRE_DATE, SUBSTR(HIRE_DATE,-4,4), CASE WHEN SUBSTR(HIRE_DATE,-4,4) BETWEEN 0 AND 92 THEN SALARY*1.4 WHEN SUBSTR(HIRE_DATE,-4,4) BETWEEN 93 AND 95 THEN SALARY*1.3 WHEN SUBSTR(HIRE_DATE,-4,4) BETWEEN 96 AND 98 THEN SALARY*1.2 ELSE SALARY*1.15 END NEW_SAL FROM EMPLOYEES;
SELECT FIRST_NAME, LAST_NAME, HIRE_DATE, SUBSTR(HIRE_DATE,-4,4), CASE WHEN SUBSTR(HIRE_DATE,-4,4) BETWEEN 0 AND 92 THEN SALARY*1.4 WHEN SUBSTR(HIRE_DATE,-4,4) BETWEEN 93 AND 95 THEN SALARY*1.3 WHEN SUBSTR(HIRE_DATE,-4,4) BETWEEN 96 AND 98 THEN SALARY*1.2 ELSE SALARY*1.15 END NEW_SAL FROM EMPLOYEES
                                                                                                                                                                                                      *
ERROR at line 1:
ORA-01722: invalid number 


SQL> SELECT FIRST_NAME, LAST_NAME, HIRE_DATE, SUBSTR(HIRE_DATE,-2), CASE WHEN SUBSTR(HIRE_DATE,-2) BETWEEN 0 AND 92 THEN SALARY*1.4 WHEN SUBSTR(HIRE_DATE,-2) BETWEEN 93 AND 95 THEN SALARY*1.3 WHEN SUBSTR(HIRE_DATE,-2) BETWEEN 96 AND 98 THEN SALARY*1.2 ELSE SALARY*1.15 END NEW_SAL FROM EMPLOYEES;

FIRST_NAME      LAST_NAME       HIRE_DATE SUBSTR(H    NEW_SAL                                                                                                                                           
--------------- --------------- --------- -------- ----------                                                                                                                                           
Steven          King            17-JUL-87 87            33600                                                                                                                                           
Neena           Kochhar         21-SEP-89 89            23800                                                                                                                                           
Lex             De Haan         13-JAN-93 93            22100                                                                                                                                           
Alexander       Hunold          03-JAN-90 90            12600                                                                                                                                           
Bruce           Ernst           21-MAY-91 91             8400                                                                                                                                           
Diana           Lorentz         07-FEB-99 99             4830                                                                                                                                           
Kevin           Mourgos         16-NOV-99 99             6670                                                                                                                                           
Trenna          Rajs            17-OCT-95 95             4550                                                                                                                                           
Curtis          Davies          29-JAN-97 97             3720                                                                                                                                           
Randall         Matos           15-MAR-98 98             3120                                                                                                                                           
Peter           Vargas          09-JUL-98 98             3000                                                                                                                                           
Eleni           Zlotkey         29-JAN-00 00            14700                                                                                                                                           
Ellen           Abel            11-MAY-96 96            13200                                                                                                                                           
Jonathon        Taylor          24-MAR-98 98            10320                                                                                                                                           
Kimerely        Grant           24-MAY-99 99             8050                                                                                                                                           
Jennifer        Whalen          17-SEP-87 87             6160                                                                                                                                           
Michael         Hartstein       17-FEB-96 96            15600                                                                                                                                           
Pat             Fay             17-AUG-97 97             7200                                                                                                                                           
Shelley         Higgins         07-JUN-94 94            15600                                                                                                                                           
William         Gietz           07-JUN-94 94            10790                                                                                                                                           

20 rows selected.

SQL> SELECT FIRST_NAME, LAST_NAME, HIRE_DATE,
  2  CASE WHEN TO_CHAR(HIRE_DATE,'RR') <= '92' THEN SALARY * 1.4
  3       WHEN TO_CHAR(HIRE_DATE,'RR') BETWEEN '93' AND '95' THEN SALARY * 1.3
  4       WHEN TO_CHAR(HIRE_DATE,'RR') BETWEEN '96' AND '98' THEN SALARY * 1.2 ELSE SALARY * 1.1 END NEW_SALARY
  5  FROM EMPLOYEES
  6  ORDER BY 3;

FIRST_NAME      LAST_NAME       HIRE_DATE NEW_SALARY                                                                                                                                                    
--------------- --------------- --------- ----------                                                                                                                                                    
Steven          King            17-JUL-87      33600                                                                                                                                                    
Jennifer        Whalen          17-SEP-87       6160                                                                                                                                                    
Neena           Kochhar         21-SEP-89      23800                                                                                                                                                    
Alexander       Hunold          03-JAN-90      12600                                                                                                                                                    
Bruce           Ernst           21-MAY-91       8400                                                                                                                                                    
Lex             De Haan         13-JAN-93      22100                                                                                                                                                    
Shelley         Higgins         07-JUN-94      15600                                                                                                                                                    
William         Gietz           07-JUN-94      10790                                                                                                                                                    
Trenna          Rajs            17-OCT-95       4550                                                                                                                                                    
Michael         Hartstein       17-FEB-96      15600                                                                                                                                                    
Ellen           Abel            11-MAY-96      13200                                                                                                                                                    
Curtis          Davies          29-JAN-97       3720                                                                                                                                                    
Pat             Fay             17-AUG-97       7200                                                                                                                                                    
Randall         Matos           15-MAR-98       3120                                                                                                                                                    
Jonathon        Taylor          24-MAR-98      10320                                                                                                                                                    
Peter           Vargas          09-JUL-98       3000                                                                                                                                                    
Diana           Lorentz         07-FEB-99       4620                                                                                                                                                    
Kimerely        Grant           24-MAY-99       7700                                                                                                                                                    
Kevin           Mourgos         16-NOV-99       6380                                                                                                                                                    
Eleni           Zlotkey         29-JAN-00      14700                                                                                                                                                    

20 rows selected.

SQL> SELECT FIRST_NAME, LAST_NAME, HIRE_DATE, SALARY ,
  2  CASE WHEN TO_CHAR(HIRE_DATE,'RR') <= '92' THEN SALARY * 1.4
  3       WHEN TO_CHAR(HIRE_DATE,'RR') BETWEEN '93' AND '95' THEN SALARY * 1.3
  4       WHEN TO_CHAR(HIRE_DATE,'RR') BETWEEN '96' AND '98' THEN SALARY * 1.2 ELSE SALARY * 1.1 END NEW_SALARY
  5  FROM EMPLOYEES
  6  ORDER BY 3;

FIRST_NAME      LAST_NAME       HIRE_DATE     SALARY NEW_SALARY                                                                                                                                         
--------------- --------------- --------- ---------- ----------                                                                                                                                         
Steven          King            17-JUL-87      24000      33600                                                                                                                                         
Jennifer        Whalen          17-SEP-87       4400       6160                                                                                                                                         
Neena           Kochhar         21-SEP-89      17000      23800                                                                                                                                         
Alexander       Hunold          03-JAN-90       9000      12600                                                                                                                                         
Bruce           Ernst           21-MAY-91       6000       8400                                                                                                                                         
Lex             De Haan         13-JAN-93      17000      22100                                                                                                                                         
Shelley         Higgins         07-JUN-94      12000      15600                                                                                                                                         
William         Gietz           07-JUN-94       8300      10790                                                                                                                                         
Trenna          Rajs            17-OCT-95       3500       4550                                                                                                                                         
Michael         Hartstein       17-FEB-96      13000      15600                                                                                                                                         
Ellen           Abel            11-MAY-96      11000      13200                                                                                                                                         
Curtis          Davies          29-JAN-97       3100       3720                                                                                                                                         
Pat             Fay             17-AUG-97       6000       7200                                                                                                                                         
Randall         Matos           15-MAR-98       2600       3120                                                                                                                                         
Jonathon        Taylor          24-MAR-98       8600      10320                                                                                                                                         
Peter           Vargas          09-JUL-98       2500       3000                                                                                                                                         
Diana           Lorentz         07-FEB-99       4200       4620                                                                                                                                         
Kimerely        Grant           24-MAY-99       7000       7700                                                                                                                                         
Kevin           Mourgos         16-NOV-99       5800       6380                                                                                                                                         
Eleni           Zlotkey         29-JAN-00      10500      14700                                                                                                                                         

20 rows selected.

SQL> SELECT * FROM EMPLOYEES;

EMPLOYEE_ID FIRST_NAME      LAST_NAME       EMAIL      PHONE_NUMBER         HIRE_DATE JOB_ID         SALARY COMMISSION_PCT MANAGER_ID DEPARTMENT_ID                                                     
----------- --------------- --------------- ---------- -------------------- --------- ---------- ---------- -------------- ---------- -------------                                                     
        100 Steven          King            SKING      515.123.4567         17-JUL-87 AD_PRES         24000                                      90                                                     
        101 Neena           Kochhar         NKOCHHAR   515.123.4568         21-SEP-89 AD_VP           17000                       100            90                                                     
        102 Lex             De Haan         LDEHAAN    515.123.4569         13-JAN-93 AD_VP           17000                       100            90                                                     
        103 Alexander       Hunold          AHUNOLD    590.423.4567         03-JAN-90 IT_PROG          9000                       102            60                                                     
        104 Bruce           Ernst           BERNST     590.423.4568         21-MAY-91 IT_PROG          6000                       103            60                                                     
        107 Diana           Lorentz         DLORENTZ   590.423.5567         07-FEB-99 IT_PROG          4200                       103            60                                                     
        124 Kevin           Mourgos         KMOURGOS   650.123.5234         16-NOV-99 ST_MAN           5800                       100            50                                                     
        141 Trenna          Rajs            TRAJS      650.121.8009         17-OCT-95 ST_CLERK         3500                       124            50                                                     
        142 Curtis          Davies          CDAVIES    650.121.2994         29-JAN-97 ST_CLERK         3100                       124            50                                                     
        143 Randall         Matos           RMATOS     650.121.2874         15-MAR-98 ST_CLERK         2600                       124            50                                                     
        144 Peter           Vargas          PVARGAS    650.121.2004         09-JUL-98 ST_CLERK         2500                       124            50                                                     
        149 Eleni           Zlotkey         EZLOTKEY   011.44.1344.429018   29-JAN-00 SA_MAN          10500             .2        100            80                                                     
        174 Ellen           Abel            EABEL      011.44.1644.429267   11-MAY-96 SA_REP          11000             .3        149            80                                                     
        176 Jonathon        Taylor          JTAYLOR    011.44.1644.429265   24-MAR-98 SA_REP           8600             .3        149            80                                                     
        178 Kimerely        Grant           KGRANT     011.44.1644.429263   24-MAY-99 SA_REP           7000            .15        149                                                                   
        200 Jennifer        Whalen          JWHALEN    515.123.4444         17-SEP-87 AD_ASST          4400                       101            10                                                     
        201 Michael         Hartstein       MHARTSTE   515.123.5555         17-FEB-96 MK_MAN          13000                       100            20                                                     
        202 Pat             Fay             PFAY       603.123.6666         17-AUG-97 MK_REP           6000                       201            20                                                     
        205 Shelley         Higgins         SHIGGINS   515.123.8080         07-JUN-94 AC_MGR          12000                       101           110                                                     
        206 William         Gietz           WGIETZ     515.123.8181         07-JUN-94 AC_ACCOUNT       8300                       205           110                                                     

20 rows selected.

SQL> REM MANAGER_ID : 100 , 205 +1500 , 101 124 149 : +1000 REMAINING +500
SQL> 
SQL> SELECT MANAGER_ID,FIRST_NAME,SALARY, CASE  WHEN MANAGER_ID = SOME(100,205) THEN SALARY+1500
  2                                   WHEN MANAGER_ID = SOME(101,124,149) THEN SALARY+1000
  3                              ELSE SALARY+500 END NEW_SALARY
  4                              FROM EMPLOYEES;

MANAGER_ID FIRST_NAME          SALARY NEW_SALARY                                                                                                                                                        
---------- --------------- ---------- ----------                                                                                                                                                        
           Steven               24000      24500                                                                                                                                                        
       100 Neena                17000      18500                                                                                                                                                        
       100 Lex                  17000      18500                                                                                                                                                        
       102 Alexander             9000       9500                                                                                                                                                        
       103 Bruce                 6000       6500                                                                                                                                                        
       103 Diana                 4200       4700                                                                                                                                                        
       100 Kevin                 5800       7300                                                                                                                                                        
       124 Trenna                3500       4500                                                                                                                                                        
       124 Curtis                3100       4100                                                                                                                                                        
       124 Randall               2600       3600                                                                                                                                                        
       124 Peter                 2500       3500                                                                                                                                                        
       100 Eleni                10500      12000                                                                                                                                                        
       149 Ellen                11000      12000                                                                                                                                                        
       149 Jonathon              8600       9600                                                                                                                                                        
       149 Kimerely              7000       8000                                                                                                                                                        
       101 Jennifer              4400       5400                                                                                                                                                        
       100 Michael              13000      14500                                                                                                                                                        
       201 Pat                   6000       6500                                                                                                                                                        
       101 Shelley              12000      13000                                                                                                                                                        
       205 William               8300       9800                                                                                                                                                        

20 rows selected.

SQL> SELECT * FROM EMPLOYEES;

EMPLOYEE_ID FIRST_NAME      LAST_NAME       EMAIL      PHONE_NUMBER         HIRE_DATE JOB_ID         SALARY COMMISSION_PCT MANAGER_ID DEPARTMENT_ID                                                     
----------- --------------- --------------- ---------- -------------------- --------- ---------- ---------- -------------- ---------- -------------                                                     
        100 Steven          King            SKING      515.123.4567         17-JUL-87 AD_PRES         24000                                      90                                                     
        101 Neena           Kochhar         NKOCHHAR   515.123.4568         21-SEP-89 AD_VP           17000                       100            90                                                     
        102 Lex             De Haan         LDEHAAN    515.123.4569         13-JAN-93 AD_VP           17000                       100            90                                                     
        103 Alexander       Hunold          AHUNOLD    590.423.4567         03-JAN-90 IT_PROG          9000                       102            60                                                     
        104 Bruce           Ernst           BERNST     590.423.4568         21-MAY-91 IT_PROG          6000                       103            60                                                     
        107 Diana           Lorentz         DLORENTZ   590.423.5567         07-FEB-99 IT_PROG          4200                       103            60                                                     
        124 Kevin           Mourgos         KMOURGOS   650.123.5234         16-NOV-99 ST_MAN           5800                       100            50                                                     
        141 Trenna          Rajs            TRAJS      650.121.8009         17-OCT-95 ST_CLERK         3500                       124            50                                                     
        142 Curtis          Davies          CDAVIES    650.121.2994         29-JAN-97 ST_CLERK         3100                       124            50                                                     
        143 Randall         Matos           RMATOS     650.121.2874         15-MAR-98 ST_CLERK         2600                       124            50                                                     
        144 Peter           Vargas          PVARGAS    650.121.2004         09-JUL-98 ST_CLERK         2500                       124            50                                                     
        149 Eleni           Zlotkey         EZLOTKEY   011.44.1344.429018   29-JAN-00 SA_MAN          10500             .2        100            80                                                     
        174 Ellen           Abel            EABEL      011.44.1644.429267   11-MAY-96 SA_REP          11000             .3        149            80                                                     
        176 Jonathon        Taylor          JTAYLOR    011.44.1644.429265   24-MAR-98 SA_REP           8600             .3        149            80                                                     
        178 Kimerely        Grant           KGRANT     011.44.1644.429263   24-MAY-99 SA_REP           7000            .15        149                                                                   
        200 Jennifer        Whalen          JWHALEN    515.123.4444         17-SEP-87 AD_ASST          4400                       101            10                                                     
        201 Michael         Hartstein       MHARTSTE   515.123.5555         17-FEB-96 MK_MAN          13000                       100            20                                                     
        202 Pat             Fay             PFAY       603.123.6666         17-AUG-97 MK_REP           6000                       201            20                                                     
        205 Shelley         Higgins         SHIGGINS   515.123.8080         07-JUN-94 AC_MGR          12000                       101           110                                                     
        206 William         Gietz           WGIETZ     515.123.8181         07-JUN-94 AC_ACCOUNT       8300                       205           110                                                     

20 rows selected.

SQL> REM MANAGER_ID : 100 , 103 , 201 +1500 , 101 124 205 : +1000 REMAINING 102 149
SQL> 
SQL> REM JOB_ID : LAST CHARACTER P 30% , _P 20% , REMAINING 10%
SQL> 
SQL> SELECT JOB_ID,FIRST_NAME,SALARY, CASE  WHEN JOB_ID LIKE '%P' THEN SALARY*1.3
  2                                   WHEN JOB_ID LIKE '%_P%' THEN SALARY*1.2
  3                              ELSE SALARY*1.1 END NEW_SALARY
  4                              FROM EMPLOYEES;

JOB_ID     FIRST_NAME          SALARY NEW_SALARY                                                                                                                                                        
---------- --------------- ---------- ----------                                                                                                                                                        
AD_PRES    Steven               24000      28800                                                                                                                                                        
AD_VP      Neena                17000      22100                                                                                                                                                        
AD_VP      Lex                  17000      22100                                                                                                                                                        
IT_PROG    Alexander             9000      10800                                                                                                                                                        
IT_PROG    Bruce                 6000       7200                                                                                                                                                        
IT_PROG    Diana                 4200       5040                                                                                                                                                        
ST_MAN     Kevin                 5800       6380                                                                                                                                                        
ST_CLERK   Trenna                3500       3850                                                                                                                                                        
ST_CLERK   Curtis                3100       3410                                                                                                                                                        
ST_CLERK   Randall               2600       2860                                                                                                                                                        
ST_CLERK   Peter                 2500       2750                                                                                                                                                        
SA_MAN     Eleni                10500      11550                                                                                                                                                        
SA_REP     Ellen                11000      14300                                                                                                                                                        
SA_REP     Jonathon              8600      11180                                                                                                                                                        
SA_REP     Kimerely              7000       9100                                                                                                                                                        
AD_ASST    Jennifer              4400       4840                                                                                                                                                        
MK_MAN     Michael              13000      14300                                                                                                                                                        
MK_REP     Pat                   6000       7800                                                                                                                                                        
AC_MGR     Shelley              12000      13200                                                                                                                                                        
AC_ACCOUNT William               8300       9130                                                                                                                                                        

20 rows selected.

SQL> SELECT JOB_ID,FIRST_NAME,SALARY, CASE WHEN JOB_ID LIKE '%_P%' THEN SALARY*1.2
  2  WHEN JOB_ID LIKE '%P' THEN SALARY*1.3
  3                              ELSE SALARY*1.1 END NEW_SALARY
  4                              FROM EMPLOYEES;

JOB_ID     FIRST_NAME          SALARY NEW_SALARY                                                                                                                                                        
---------- --------------- ---------- ----------                                                                                                                                                        
AD_PRES    Steven               24000      28800                                                                                                                                                        
AD_VP      Neena                17000      20400                                                                                                                                                        
AD_VP      Lex                  17000      20400                                                                                                                                                        
IT_PROG    Alexander             9000      10800                                                                                                                                                        
IT_PROG    Bruce                 6000       7200                                                                                                                                                        
IT_PROG    Diana                 4200       5040                                                                                                                                                        
ST_MAN     Kevin                 5800       6380                                                                                                                                                        
ST_CLERK   Trenna                3500       3850                                                                                                                                                        
ST_CLERK   Curtis                3100       3410                                                                                                                                                        
ST_CLERK   Randall               2600       2860                                                                                                                                                        
ST_CLERK   Peter                 2500       2750                                                                                                                                                        
SA_MAN     Eleni                10500      11550                                                                                                                                                        
SA_REP     Ellen                11000      13200                                                                                                                                                        
SA_REP     Jonathon              8600      10320                                                                                                                                                        
SA_REP     Kimerely              7000       8400                                                                                                                                                        
AD_ASST    Jennifer              4400       4840                                                                                                                                                        
MK_MAN     Michael              13000      14300                                                                                                                                                        
MK_REP     Pat                   6000       7200                                                                                                                                                        
AC_MGR     Shelley              12000      13200                                                                                                                                                        
AC_ACCOUNT William               8300       9130                                                                                                                                                        

20 rows selected.

SQL> SELECT FIRST_NAME, LAST_NAME, JOB_ID, SALARY,
  2  CASE WHEN SUBSTR(JOB_ID,-1) = 'P'THEN SALARY*1.3
  3  WHEN SUBSTR(JOB_ID,-2) = '_P' THEN SALARY*1.2
  4  ELSE SALARY*1.1 END NEW_SAL FROM EMPLOYEES;

FIRST_NAME      LAST_NAME       JOB_ID         SALARY    NEW_SAL                                                                                                                                        
--------------- --------------- ---------- ---------- ----------                                                                                                                                        
Steven          King            AD_PRES         24000      26400                                                                                                                                        
Neena           Kochhar         AD_VP           17000      22100                                                                                                                                        
Lex             De Haan         AD_VP           17000      22100                                                                                                                                        
Alexander       Hunold          IT_PROG          9000       9900                                                                                                                                        
Bruce           Ernst           IT_PROG          6000       6600                                                                                                                                        
Diana           Lorentz         IT_PROG          4200       4620                                                                                                                                        
Kevin           Mourgos         ST_MAN           5800       6380                                                                                                                                        
Trenna          Rajs            ST_CLERK         3500       3850                                                                                                                                        
Curtis          Davies          ST_CLERK         3100       3410                                                                                                                                        
Randall         Matos           ST_CLERK         2600       2860                                                                                                                                        
Peter           Vargas          ST_CLERK         2500       2750                                                                                                                                        
Eleni           Zlotkey         SA_MAN          10500      11550                                                                                                                                        
Ellen           Abel            SA_REP          11000      14300                                                                                                                                        
Jonathon        Taylor          SA_REP           8600      11180                                                                                                                                        
Kimerely        Grant           SA_REP           7000       9100                                                                                                                                        
Jennifer        Whalen          AD_ASST          4400       4840                                                                                                                                        
Michael         Hartstein       MK_MAN          13000      14300                                                                                                                                        
Pat             Fay             MK_REP           6000       7800                                                                                                                                        
Shelley         Higgins         AC_MGR          12000      13200                                                                                                                                        
William         Gietz           AC_ACCOUNT       8300       9130                                                                                                                                        

20 rows selected.

SQL> REM JOB_ID : LAST CHARACTER P 30% , _P 20% , REMAINING 10%
SQL> 
SQL> SELECT JOB_ID,FIRST_NAME,SALARY, CASE WHEN JOB_ID LIKE '%\_P%' ESCAPE '\' THEN SALARY*1.2
  2  WHEN JOB_ID LIKE '%P' THEN SALARY*1.3
  3                              ELSE SALARY*1.1 END NEW_SALARY
  4                              FROM EMPLOYEES;

JOB_ID     FIRST_NAME          SALARY NEW_SALARY                                                                                                                                                        
---------- --------------- ---------- ----------                                                                                                                                                        
AD_PRES    Steven               24000      28800                                                                                                                                                        
AD_VP      Neena                17000      22100                                                                                                                                                        
AD_VP      Lex                  17000      22100                                                                                                                                                        
IT_PROG    Alexander             9000      10800                                                                                                                                                        
IT_PROG    Bruce                 6000       7200                                                                                                                                                        
IT_PROG    Diana                 4200       5040                                                                                                                                                        
ST_MAN     Kevin                 5800       6380                                                                                                                                                        
ST_CLERK   Trenna                3500       3850                                                                                                                                                        
ST_CLERK   Curtis                3100       3410                                                                                                                                                        
ST_CLERK   Randall               2600       2860                                                                                                                                                        
ST_CLERK   Peter                 2500       2750                                                                                                                                                        
SA_MAN     Eleni                10500      11550                                                                                                                                                        
SA_REP     Ellen                11000      14300                                                                                                                                                        
SA_REP     Jonathon              8600      11180                                                                                                                                                        
SA_REP     Kimerely              7000       9100                                                                                                                                                        
AD_ASST    Jennifer              4400       4840                                                                                                                                                        
MK_MAN     Michael              13000      14300                                                                                                                                                        
MK_REP     Pat                   6000       7800                                                                                                                                                        
AC_MGR     Shelley              12000      13200                                                                                                                                                        
AC_ACCOUNT William               8300       9130                                                                                                                                                        

20 rows selected.

SQL> SPOOL OFF
