SQL> 
SQL> CL SCR

SQL> REM TWO TYPES OF FUNCTIONS : 1 SINGLE ROW 2 MULTI ROW
SQL> 
SQL> REM SINGLE ROW FUNCTION TAKES SINGLE ROW/VALUE AS INPUT AND RETURNS SINGLE OUTPUT. I.E. NO. OF INPUT ROWS AND NO. OF OUTPUT ROWS ARE ALWAYS EQUAL.
SQL> 
SQL> SELECT FIRST_NAME , UPPER(FIRST_NAME) FROM EMPLOYEES;

FIRST_NAME      UPPER(FIRST_NAM                                                                                                                                                                         
--------------- ---------------                                                                                                                                                                         
Steven          STEVEN                                                                                                                                                                                  
Neena           NEENA                                                                                                                                                                                   
Lex             LEX                                                                                                                                                                                     
Alexander       ALEXANDER                                                                                                                                                                               
Bruce           BRUCE                                                                                                                                                                                   
Diana           DIANA                                                                                                                                                                                   
Kevin           KEVIN                                                                                                                                                                                   
Trenna          TRENNA                                                                                                                                                                                  
Curtis          CURTIS                                                                                                                                                                                  
Randall         RANDALL                                                                                                                                                                                 
Peter           PETER                                                                                                                                                                                   
Eleni           ELENI                                                                                                                                                                                   
Ellen           ELLEN                                                                                                                                                                                   
Jonathon        JONATHON                                                                                                                                                                                
Kimerely        KIMERELY                                                                                                                                                                                
Jennifer        JENNIFER                                                                                                                                                                                
Michael         MICHAEL                                                                                                                                                                                 
Pat             PAT                                                                                                                                                                                     
Shelley         SHELLEY                                                                                                                                                                                 
William         WILLIAM                                                                                                                                                                                 

20 rows selected.

SQL> SELECT FIRST_NAME , UPPER(FIRST_NAME) FROM EMPLOYEES WHERE SALARY > 10000;

FIRST_NAME      UPPER(FIRST_NAM                                                                                                                                                                         
--------------- ---------------                                                                                                                                                                         
Steven          STEVEN                                                                                                                                                                                  
Neena           NEENA                                                                                                                                                                                   
Lex             LEX                                                                                                                                                                                     
Michael         MICHAEL                                                                                                                                                                                 
Shelley         SHELLEY                                                                                                                                                                                 
Ellen           ELLEN                                                                                                                                                                                   
Eleni           ELENI                                                                                                                                                                                   

7 rows selected.

SQL> REM MULTI ROW FUNCTIONS : IT TAKES MULTIPLE ROWS AS INPUT AND MAY RETURN SINGLE OR MULTIPLE ROWS.
SQL> 
SQL> REM IF WE USE MULTI ROW FUNCTION WITHOUT GROUP BY CLAUSE, IT WILL RETURN SINGLE ROW.
SQL> 
SQL> REM IF WE USE MULTI ROW FUNCTION WITH GROUP BY CLAUSE, IT WILL RETURN MULTIPLE ROWS.
SQL> 
SQL> REM MULTI ROW/GROUP/SUMMARY/AGGREGATE FUNCTIONS
SQL> 
SQL> REM LIST OF SUMMARY FUNCTIONS : MIN MAX COUNT SUM AVG
SQL> 
SQL> REM MIN : WILL RETURN MININUM VALUE OF INPUTS
SQL> 
SQL> REM MAX : WILL RETURN MAXIMUM VALUE OF INPUTS
SQL> 
SQL> REM COUNT : WILL RETURN COUNT OF INPUTS
SQL> 
SQL> REM SUM : WILL RETURN TOTAL/SUM OF INPUTS
SQL> 
SQL> REM AVG : WILL RETURN AVERAGE/MEAN OF INPUTS
SQL> 
SQL> 
SQL> 
SQL> SELECT SALARY FROM EMPLOYEES ORDER BY 1;

    SALARY                                                                                                                                                                                              
----------                                                                                                                                                                                              
      2500                                                                                                                                                                                              
      2600                                                                                                                                                                                              
      3100                                                                                                                                                                                              
      3500                                                                                                                                                                                              
      4200                                                                                                                                                                                              
      4400                                                                                                                                                                                              
      5800                                                                                                                                                                                              
      6000                                                                                                                                                                                              
      6000                                                                                                                                                                                              
      7000                                                                                                                                                                                              
      8300                                                                                                                                                                                              
      8600                                                                                                                                                                                              
      9000                                                                                                                                                                                              
     10500                                                                                                                                                                                              
     11000                                                                                                                                                                                              
     12000                                                                                                                                                                                              
     13000                                                                                                                                                                                              
     17000                                                                                                                                                                                              
     17000                                                                                                                                                                                              
     24000                                                                                                                                                                                              

20 rows selected.

SQL> SELECT MIN(SALARY) FROM EMPLOYEES;

MIN(SALARY)                                                                                                                                                                                             
-----------                                                                                                                                                                                             
       2500                                                                                                                                                                                             

SQL> SELECT MAX(SALARY) FROM EMPLOYEES;

MAX(SALARY)                                                                                                                                                                                             
-----------                                                                                                                                                                                             
      24000                                                                                                                                                                                             

SQL> SELECT COUNT(SALARY) FROM EMPLOYEES;

COUNT(SALARY)                                                                                                                                                                                           
-------------                                                                                                                                                                                           
           20                                                                                                                                                                                           

SQL> SELECT SUM(SALARY) FROM EMPLOYEES;

SUM(SALARY)                                                                                                                                                                                             
-----------                                                                                                                                                                                             
     175500                                                                                                                                                                                             

SQL> SELECT AVG(SALARY) FROM EMPLOYEES;

AVG(SALARY)                                                                                                                                                                                             
-----------                                                                                                                                                                                             
       8775                                                                                                                                                                                             

SQL> SELECT SUM(SALARY)/COUNT(SALARY) FROM EMPLOYEES;

SUM(SALARY)/COUNT(SALARY)                                                                                                                                                                               
-------------------------                                                                                                                                                                               
                     8775                                                                                                                                                                               

SQL> SELECT DEPARTMENT_ID , SALARY FROM EMPLOYEES ORDER BY 1,2;

DEPARTMENT_ID     SALARY                                                                                                                                                                                
------------- ----------                                                                                                                                                                                
           10       4400                                                                                                                                                                                
           20       6000                                                                                                                                                                                
           20      13000                                                                                                                                                                                
           50       2500                                                                                                                                                                                
           50       2600                                                                                                                                                                                
           50       3100                                                                                                                                                                                
           50       3500                                                                                                                                                                                
           50       5800                                                                                                                                                                                
           60       4200                                                                                                                                                                                
           60       6000                                                                                                                                                                                
           60       9000                                                                                                                                                                                
           80       8600                                                                                                                                                                                
           80      10500                                                                                                                                                                                
           80      11000                                                                                                                                                                                
           90      17000                                                                                                                                                                                
           90      17000                                                                                                                                                                                
           90      24000                                                                                                                                                                                
          110       8300                                                                                                                                                                                
          110      12000                                                                                                                                                                                
                    7000                                                                                                                                                                                

20 rows selected.

SQL> SELECT DEPARTMENT_ID , MAX(SALARY) FROM EMPLOYEES GROUP BY DEPARTMENT_ID ORDER BY 1,2;

DEPARTMENT_ID MAX(SALARY)                                                                                                                                                                               
------------- -----------                                                                                                                                                                               
           10        4400                                                                                                                                                                               
           20       13000                                                                                                                                                                               
           50        5800                                                                                                                                                                               
           60        9000                                                                                                                                                                               
           80       11000                                                                                                                                                                               
           90       24000                                                                                                                                                                               
          110       12000                                                                                                                                                                               
                     7000                                                                                                                                                                               

8 rows selected.

SQL> SELECT COMMISSION_PCT FROM EMPLOYEES;

COMMISSION_PCT                                                                                                                                                                                          
--------------                                                                                                                                                                                          
                                                                                                                                                                                                        
                                                                                                                                                                                                        
                                                                                                                                                                                                        
                                                                                                                                                                                                        
                                                                                                                                                                                                        
                                                                                                                                                                                                        
                                                                                                                                                                                                        
                                                                                                                                                                                                        
                                                                                                                                                                                                        
                                                                                                                                                                                                        
                                                                                                                                                                                                        
            .2                                                                                                                                                                                          
            .3                                                                                                                                                                                          
            .3                                                                                                                                                                                          
           .15                                                                                                                                                                                          
                                                                                                                                                                                                        
                                                                                                                                                                                                        
                                                                                                                                                                                                        
                                                                                                                                                                                                        
                                                                                                                                                                                                        

20 rows selected.

SQL> SELECT COUNT(COMMISSION_PCT) FROM EMPLOYEES;

COUNT(COMMISSION_PCT)                                                                                                                                                                                   
---------------------                                                                                                                                                                                   
                    4                                                                                                                                                                                   

SQL> SELECT COUNT(COMMISSION_PCT) , COUNT(*) FROM EMPLOYEES;

COUNT(COMMISSION_PCT)   COUNT(*)                                                                                                                                                                        
--------------------- ----------                                                                                                                                                                        
                    4         20                                                                                                                                                                        

SQL> SELECT DEPARTMENT_ID FROM EMPLOYEES;

DEPARTMENT_ID                                                                                                                                                                                           
-------------                                                                                                                                                                                           
           90                                                                                                                                                                                           
           90                                                                                                                                                                                           
           90                                                                                                                                                                                           
           60                                                                                                                                                                                           
           60                                                                                                                                                                                           
           60                                                                                                                                                                                           
           50                                                                                                                                                                                           
           50                                                                                                                                                                                           
           50                                                                                                                                                                                           
           50                                                                                                                                                                                           
           50                                                                                                                                                                                           
           80                                                                                                                                                                                           
           80                                                                                                                                                                                           
           80                                                                                                                                                                                           
                                                                                                                                                                                                        
           10                                                                                                                                                                                           
           20                                                                                                                                                                                           
           20                                                                                                                                                                                           
          110                                                                                                                                                                                           
          110                                                                                                                                                                                           

20 rows selected.

SQL> SELECT COUNT(DEPARTMENT_ID) , COUNT(DISTINCT DEPARTMENT_ID) , COUNT(*) FROM EMPLOYEES;

COUNT(DEPARTMENT_ID) COUNT(DISTINCTDEPARTMENT_ID)   COUNT(*)                                                                                                                                            
-------------------- ---------------------------- ----------                                                                                                                                            
                  19                            7         20                                                                                                                                            

SQL> SELECT SALARY FROM EMPLOYEES ORDER BY 1;

    SALARY                                                                                                                                                                                              
----------                                                                                                                                                                                              
      2500                                                                                                                                                                                              
      2600                                                                                                                                                                                              
      3100                                                                                                                                                                                              
      3500                                                                                                                                                                                              
      4200                                                                                                                                                                                              
      4400                                                                                                                                                                                              
      5800                                                                                                                                                                                              
      6000                                                                                                                                                                                              
      6000                                                                                                                                                                                              
      7000                                                                                                                                                                                              
      8300                                                                                                                                                                                              
      8600                                                                                                                                                                                              
      9000                                                                                                                                                                                              
     10500                                                                                                                                                                                              
     11000                                                                                                                                                                                              
     12000                                                                                                                                                                                              
     13000                                                                                                                                                                                              
     17000                                                                                                                                                                                              
     17000                                                                                                                                                                                              
     24000                                                                                                                                                                                              

20 rows selected.

SQL> SELECT SUM(SALARY) - SUM(DISTINCT SALARY) FROM EMPLOYEES;

SUM(SALARY)-SUM(DISTINCTSALARY)                                                                                                                                                                         
-------------------------------                                                                                                                                                                         
                          23000                                                                                                                                                                         

SQL> SELECT SUM(SALARY) , SUM(DISTINCT SALARY) FROM EMPLOYEES;

SUM(SALARY) SUM(DISTINCTSALARY)                                                                                                                                                                         
----------- -------------------                                                                                                                                                                         
     175500              152500                                                                                                                                                                         

SQL> SELECT MANAGER_ID FROM EMPLOYEES;

MANAGER_ID                                                                                                                                                                                              
----------                                                                                                                                                                                              
                                                                                                                                                                                                        
       100                                                                                                                                                                                              
       100                                                                                                                                                                                              
       102                                                                                                                                                                                              
       103                                                                                                                                                                                              
       103                                                                                                                                                                                              
       100                                                                                                                                                                                              
       124                                                                                                                                                                                              
       124                                                                                                                                                                                              
       124                                                                                                                                                                                              
       124                                                                                                                                                                                              
       100                                                                                                                                                                                              
       149                                                                                                                                                                                              
       149                                                                                                                                                                                              
       149                                                                                                                                                                                              
       101                                                                                                                                                                                              
       100                                                                                                                                                                                              
       201                                                                                                                                                                                              
       101                                                                                                                                                                                              
       205                                                                                                                                                                                              

20 rows selected.

SQL> SELECT COUNT(*) - COUNT(DISTINCT MANAGER_ID) FROM EMPLOYEES
  2  
SQL> SELECT MANAGER_ID FROM EMPLOYEES ORDER BY 1;

MANAGER_ID                                                                                                                                                                                              
----------                                                                                                                                                                                              
       100                                                                                                                                                                                              
       100                                                                                                                                                                                              
       100                                                                                                                                                                                              
       100                                                                                                                                                                                              
       100                                                                                                                                                                                              
       101                                                                                                                                                                                              
       101                                                                                                                                                                                              
       102                                                                                                                                                                                              
       103                                                                                                                                                                                              
       103                                                                                                                                                                                              
       124                                                                                                                                                                                              
       124                                                                                                                                                                                              
       124                                                                                                                                                                                              
       124                                                                                                                                                                                              
       149                                                                                                                                                                                              
       149                                                                                                                                                                                              
       149                                                                                                                                                                                              
       201                                                                                                                                                                                              
       205                                                                                                                                                                                              
                                                                                                                                                                                                        

20 rows selected.

SQL> SELECT COUNT(*) - COUNT(DISTINCT MANAGER_ID) FROM EMPLOYEES;

COUNT(*)-COUNT(DISTINCTMANAGER_ID)                                                                                                                                                                      
----------------------------------                                                                                                                                                                      
                                12                                                                                                                                                                      

SQL> 
SQL> REM FIND THE HIGHEST SALARY AMOUNT PAID BY COMPANY
SQL> 
SQL> SELECT MAX(SALARY) FROM EMPLOYEES;

MAX(SALARY)                                                                                                                                                                                             
-----------                                                                                                                                                                                             
      24000                                                                                                                                                                                             

SQL> SELECT HIRE_DATE FROM EMPLOYEES ORDER BY 1;

HIRE_DATE                                                                                                                                                                                               
---------                                                                                                                                                                                               
17-JUL-87                                                                                                                                                                                               
17-SEP-87                                                                                                                                                                                               
21-SEP-89                                                                                                                                                                                               
03-JAN-90                                                                                                                                                                                               
21-MAY-91                                                                                                                                                                                               
13-JAN-93                                                                                                                                                                                               
07-JUN-94                                                                                                                                                                                               
07-JUN-94                                                                                                                                                                                               
17-OCT-95                                                                                                                                                                                               
17-FEB-96                                                                                                                                                                                               
11-MAY-96                                                                                                                                                                                               
29-JAN-97                                                                                                                                                                                               
17-AUG-97                                                                                                                                                                                               
15-MAR-98                                                                                                                                                                                               
24-MAR-98                                                                                                                                                                                               
09-JUL-98                                                                                                                                                                                               
07-FEB-99                                                                                                                                                                                               
24-MAY-99                                                                                                                                                                                               
16-NOV-99                                                                                                                                                                                               
29-JAN-00                                                                                                                                                                                               

20 rows selected.

SQL> SELECT MIN(HIRE_DATE) , MAX(HIRE_DATE) FROM EMPLOYEES;

MIN(HIRE_ MAX(HIRE_                                                                                                                                                                                     
--------- ---------                                                                                                                                                                                     
17-JUL-87 29-JAN-00                                                                                                                                                                                     

SQL> SELECT SUM(HIRE_DATE) , COUNT(HIRE_DATE) FROM EMPLOYEES;
SELECT SUM(HIRE_DATE) , COUNT(HIRE_DATE) FROM EMPLOYEES
           *
ERROR at line 1:
ORA-00932: inconsistent datatypes: expected NUMBER got DATE 


SQL> SELECT COUNT(HIRE_DATE) FROM EMPLOYEES;

COUNT(HIRE_DATE)                                                                                                                                                                                        
----------------                                                                                                                                                                                        
              20                                                                                                                                                                                        

SQL> REM SUM AND AVG WILL NOT SUPPORT DATE TYPE INPUT.
SQL> 
SQL> SELECT FIRST_NAME FROM EMPLOYEES;

FIRST_NAME                                                                                                                                                                                              
---------------                                                                                                                                                                                         
Steven                                                                                                                                                                                                  
Neena                                                                                                                                                                                                   
Lex                                                                                                                                                                                                     
Alexander                                                                                                                                                                                               
Bruce                                                                                                                                                                                                   
Diana                                                                                                                                                                                                   
Kevin                                                                                                                                                                                                   
Trenna                                                                                                                                                                                                  
Curtis                                                                                                                                                                                                  
Randall                                                                                                                                                                                                 
Peter                                                                                                                                                                                                   
Eleni                                                                                                                                                                                                   
Ellen                                                                                                                                                                                                   
Jonathon                                                                                                                                                                                                
Kimerely                                                                                                                                                                                                
Jennifer                                                                                                                                                                                                
Michael                                                                                                                                                                                                 
Pat                                                                                                                                                                                                     
Shelley                                                                                                                                                                                                 
William                                                                                                                                                                                                 

20 rows selected.

SQL> SELECT COUNT(FIRST_NAME) , AVG(FIRST_NAME) FROM EMPLOYEES;
SELECT COUNT(FIRST_NAME) , AVG(FIRST_NAME) FROM EMPLOYEES
                               *
ERROR at line 1:
ORA-01722: invalid number 


SQL> REM SUM AND AVG WILL NOT SUPPORT CHARACTER TYPE INPUT.
SQL> 
SQL> REM DISPLAY THE DATE ON WHICH FIRST EMPLOYEE WAS HIRED.
SQL> 
SQL> SELECT MIN(HIRE_DATE) FROM EMPLOYEES;

MIN(HIRE_                                                                                                                                                                                               
---------                                                                                                                                                                                               
17-JUL-87                                                                                                                                                                                               

SQL> REM DISPLAY FOR HOW MANY UNIQUE JOBS COMPANY HAS HIRED EMPLOYEES.
SQL> 
SQL> SELECT COUNT(UNIQUE JOB_ID) FROM EMPLOYEES;

COUNT(UNIQUEJOB_ID)                                                                                                                                                                                     
-------------------                                                                                                                                                                                     
                 12                                                                                                                                                                                     

SQL> SELECT COUNT(DISTINCT JOB_ID) FROM EMPLOYEES;

COUNT(DISTINCTJOB_ID)                                                                                                                                                                                   
---------------------                                                                                                                                                                                   
                   12                                                                                                                                                                                   

SQL> REM HOW MANY MANAGERS ARE WORKING IN COMPANY.
SQL> 
SQL> SELECT * FROM EMPLOYEES;

EMPLOYEE_ID FIRST_NAME      LAST_NAME       EMAIL      PHONE_NUMBER         HIRE_DATE JOB_ID         SALARY COMMISSION_PCT MANAGER_ID DEPARTMENT_ID                                                     
----------- --------------- --------------- ---------- -------------------- --------- ---------- ---------- -------------- ---------- -------------                                                     
        100 Steven          King            SKING      515.123.4567         17-JUL-87 AD_PRES         24000                                      90                                                     
        101 Neena           Kochhar         NKOCHHAR   515.123.4568         21-SEP-89 AD_VP           17000                       100            90                                                     
        102 Lex             De Haan         LDEHAAN    515.123.4569         13-JAN-93 AD_VP           17000                       100            90                                                     
        103 Alexander       Hunold          AHUNOLD    590.423.4567         03-JAN-90 IT_PROG          9000                       102            60                                                     
        104 Bruce           Ernst           BERNST     590.423.4568         21-MAY-91 IT_PROG          6000                       103            60                                                     
        107 Diana           Lorentz         DLORENTZ   590.423.5567         07-FEB-99 IT_PROG          4200                       103            60                                                     
        124 Kevin           Mourgos         KMOURGOS   650.123.5234         16-NOV-99 ST_MAN           5800                       100            50                                                     
        141 Trenna          Rajs            TRAJS      650.121.8009         17-OCT-95 ST_CLERK         3500                       124            50                                                     
        142 Curtis          Davies          CDAVIES    650.121.2994         29-JAN-97 ST_CLERK         3100                       124            50                                                     
        143 Randall         Matos           RMATOS     650.121.2874         15-MAR-98 ST_CLERK         2600                       124            50                                                     
        144 Peter           Vargas          PVARGAS    650.121.2004         09-JUL-98 ST_CLERK         2500                       124            50                                                     
        149 Eleni           Zlotkey         EZLOTKEY   011.44.1344.429018   29-JAN-00 SA_MAN          10500             .2        100            80                                                     
        174 Ellen           Abel            EABEL      011.44.1644.429267   11-MAY-96 SA_REP          11000             .3        149            80                                                     
        176 Jonathon        Taylor          JTAYLOR    011.44.1644.429265   24-MAR-98 SA_REP           8600             .3        149            80                                                     
        178 Kimerely        Grant           KGRANT     011.44.1644.429263   24-MAY-99 SA_REP           7000            .15        149                                                                   
        200 Jennifer        Whalen          JWHALEN    515.123.4444         17-SEP-87 AD_ASST          4400                       101            10                                                     
        201 Michael         Hartstein       MHARTSTE   515.123.5555         17-FEB-96 MK_MAN          13000                       100            20                                                     
        202 Pat             Fay             PFAY       603.123.6666         17-AUG-97 MK_REP           6000                       201            20                                                     
        205 Shelley         Higgins         SHIGGINS   515.123.8080         07-JUN-94 AC_MGR          12000                       101           110                                                     
        206 William         Gietz           WGIETZ     515.123.8181         07-JUN-94 AC_ACCOUNT       8300                       205           110                                                     

20 rows selected.

SQL> SELECT COUNT(DISTINCT MANAGER_ID) FROM EMPLOYEES;

COUNT(DISTINCTMANAGER_ID)                                                                                                                                                                               
-------------------------                                                                                                                                                                               
                        8                                                                                                                                                                               

SQL> REM FIND AVERAGE SALARY PAID BY COMPANY
SQL> 
SQL> SELECT AVG(SALARY) FROM EMPLOYEES;

AVG(SALARY)                                                                                                                                                                                             
-----------                                                                                                                                                                                             
       8775                                                                                                                                                                                             

SQL> REM FIND THE DIFFERENCE BETWEEN HIGHEST AND LOWEST SALARY PAID BY COMPANY.
SQL> 
SQL> SELECT MAX(SALARY) - MIN(SALARY) DIFFERENCE FROM EMPLOYEES;

DIFFERENCE                                                                                                                                                                                              
----------                                                                                                                                                                                              
     21500                                                                                                                                                                                              

SQL> REM IF WE ARRANGE FIRST_NAME AS PER TELEPHONE DIRECTORY, WHICH NAME WILL BE PLACED FIRST.
SQL> 
SQL> SELECT MIN(FIRST_NAME) FROM EMPLOYEES;

MIN(FIRST_NAME)                                                                                                                                                                                         
---------------                                                                                                                                                                                         
Alexander                                                                                                                                                                                               

SQL> REM FIND THE HIGHEST COMMISSION_PCT
SQL> 
SQL> SELECT MAX(COMMISSION_PCT) FROM EMPLOYEES;

MAX(COMMISSION_PCT)                                                                                                                                                                                     
-------------------                                                                                                                                                                                     
                 .3                                                                                                                                                                                     

SQL> REM FIND THE LOWEST COMMISSION AMOUNT PAID BY COMPANY
SQL> 
SQL> SELECT * FROM EMPLOYEES;

EMPLOYEE_ID FIRST_NAME      LAST_NAME       EMAIL      PHONE_NUMBER         HIRE_DATE JOB_ID         SALARY COMMISSION_PCT MANAGER_ID DEPARTMENT_ID                                                     
----------- --------------- --------------- ---------- -------------------- --------- ---------- ---------- -------------- ---------- -------------                                                     
        100 Steven          King            SKING      515.123.4567         17-JUL-87 AD_PRES         24000                                      90                                                     
        101 Neena           Kochhar         NKOCHHAR   515.123.4568         21-SEP-89 AD_VP           17000                       100            90                                                     
        102 Lex             De Haan         LDEHAAN    515.123.4569         13-JAN-93 AD_VP           17000                       100            90                                                     
        103 Alexander       Hunold          AHUNOLD    590.423.4567         03-JAN-90 IT_PROG          9000                       102            60                                                     
        104 Bruce           Ernst           BERNST     590.423.4568         21-MAY-91 IT_PROG          6000                       103            60                                                     
        107 Diana           Lorentz         DLORENTZ   590.423.5567         07-FEB-99 IT_PROG          4200                       103            60                                                     
        124 Kevin           Mourgos         KMOURGOS   650.123.5234         16-NOV-99 ST_MAN           5800                       100            50                                                     
        141 Trenna          Rajs            TRAJS      650.121.8009         17-OCT-95 ST_CLERK         3500                       124            50                                                     
        142 Curtis          Davies          CDAVIES    650.121.2994         29-JAN-97 ST_CLERK         3100                       124            50                                                     
        143 Randall         Matos           RMATOS     650.121.2874         15-MAR-98 ST_CLERK         2600                       124            50                                                     
        144 Peter           Vargas          PVARGAS    650.121.2004         09-JUL-98 ST_CLERK         2500                       124            50                                                     
        149 Eleni           Zlotkey         EZLOTKEY   011.44.1344.429018   29-JAN-00 SA_MAN          10500             .2        100            80                                                     
        174 Ellen           Abel            EABEL      011.44.1644.429267   11-MAY-96 SA_REP          11000             .3        149            80                                                     
        176 Jonathon        Taylor          JTAYLOR    011.44.1644.429265   24-MAR-98 SA_REP           8600             .3        149            80                                                     
        178 Kimerely        Grant           KGRANT     011.44.1644.429263   24-MAY-99 SA_REP           7000            .15        149                                                                   
        200 Jennifer        Whalen          JWHALEN    515.123.4444         17-SEP-87 AD_ASST          4400                       101            10                                                     
        201 Michael         Hartstein       MHARTSTE   515.123.5555         17-FEB-96 MK_MAN          13000                       100            20                                                     
        202 Pat             Fay             PFAY       603.123.6666         17-AUG-97 MK_REP           6000                       201            20                                                     
        205 Shelley         Higgins         SHIGGINS   515.123.8080         07-JUN-94 AC_MGR          12000                       101           110                                                     
        206 William         Gietz           WGIETZ     515.123.8181         07-JUN-94 AC_ACCOUNT       8300                       205           110                                                     

20 rows selected.

SQL> SELECT MIN(SALARY * COMMISSION_PCT) FROM EMPLOYEES;

MIN(SALARY*COMMISSION_PCT)                                                                                                                                                                              
--------------------------                                                                                                                                                                              
                      1050                                                                                                                                                                              

SQL> SELECT (SALARY * COMMISSION_PCT) FROM EMPLOYEES;

(SALARY*COMMISSION_PCT)                                                                                                                                                                                 
-----------------------                                                                                                                                                                                 
                                                                                                                                                                                                        
                                                                                                                                                                                                        
                                                                                                                                                                                                        
                                                                                                                                                                                                        
                                                                                                                                                                                                        
                                                                                                                                                                                                        
                                                                                                                                                                                                        
                                                                                                                                                                                                        
                                                                                                                                                                                                        
                                                                                                                                                                                                        
                                                                                                                                                                                                        
                   2100                                                                                                                                                                                 
                   3300                                                                                                                                                                                 
                   2580                                                                                                                                                                                 
                   1050                                                                                                                                                                                 
                                                                                                                                                                                                        
                                                                                                                                                                                                        
                                                                                                                                                                                                        
                                                                                                                                                                                                        
                                                                                                                                                                                                        

20 rows selected.

SQL> REM WHERE
SQL> 
SQL> REM GROUP BY
SQL> 
SQL> REM HAVING
SQL> 
SQL> REM NESTED SUMMARY FUNCTIONS
SQL> 
SQL> REM PCM : PIVOTE/CROSS TAB/MATRIX REPORT
SQL> 
SQL> SPOOL OFF
