SQL> 
SQL> REM 10 DISPLAY RESULT OF 456 * 67 (SINGLE TIME, USING DU.. TABLE)
SQL> DOUBT
SP2-0042: unknown command "DOUBT" - rest of line ignored.
SQL> 
SQL> SELECT 456 * 67 FROM DUAL;

    456*67                                                                      
----------                                                                      
     30552                                                                      

SQL> REM 11 DISPLAY RESULT OF 456 / 92 (SINGLE TIME, WITHOUT USING DU.. TABLE)
SQL> 
SQL> SELECT 456 * 67 FROM REGIONS;

    456*67                                                                      
----------                                                                      
     30552                                                                      
     30552                                                                      
     30552                                                                      
     30552                                                                      

SQL> SELECT DISTINCT 456 * 67 FROM REGIONS;

    456*67                                                                      
----------                                                                      
     30552                                                                      

SQL> SELECT UNIQUE 456 * 67 FROM REGIONS;

    456*67                                                                      
----------                                                                      
     30552                                                                      

SQL> REM CHAPTER 2 : 1 SORTING 2 TOP n ANALYSIS 3 RESTRICTION/SELECTION
SQL> 
SQL> REM SORTING : ARRANGING ROWS IN EITHER ASCENDING OR DESCENDING ORDER OF SINGLE OR MULTIPLE COLUMNS KEEPING NULLS AT TOP OR BOTTOM
SQL> 
SQL> REM TOP n ANALYSIS : TO GET SOME ROWS OF TABLE FROM TOP, BOTTOM OR MIDDLE
SQL> 
SQL> REM RESTRICTION/SELECTION : DISPLAYING SOME OF THE ROWS WHICH SAFISFIES OUR CONDITION(S)
SQL> 
SQL> REM SELECT SYNTAX : SELECT ... FROM ... WHERE ... ORDER BY ... OFFSET ... FETCH ...;
SQL> 
SQL> REM MANDATORY PART : SELECT ... FROM ...;
SQL> 
SQL> REM ORDER BY CLAUSE : IS USED FOR SORTING THE ROWS
SQL> 
SQL> REM OFFSET ... AND FETCH ... : ARE USED FOR TOP n ANALYSIS
SQL> 
SQL> REM WHERE ... : IS USED FOR SELECTION/RESTRICTION PURPOSE
SQL> 
SQL> REM SYNTAX : COMPUTER LANGUAGE GRAMMER
SQL> 
SQL> 
SQL> 
SQL> SET LINES 200 PAGES 24
SQL> 
SQL> SELECT * FROM EMPLOYEES;

EMPLOYEE_ID FIRST_NAME      LAST_NAME       EMAIL      PHONE_NUMBER         HIRE_DATE JOB_ID         SALARY COMMISSION_PCT MANAGER_ID DEPARTMENT_ID                                                     
----------- --------------- --------------- ---------- -------------------- --------- ---------- ---------- -------------- ---------- -------------                                                     
        100 Steven          King            SKING      515.123.4567         17-JUL-87 AD_PRES         24000                                      90                                                     
        101 Neena           Kochhar         NKOCHHAR   515.123.4568         21-SEP-89 AD_VP           17000                       100            90                                                     
        102 Lex             De Haan         LDEHAAN    515.123.4569         13-JAN-93 AD_VP           17000                       100            90                                                     
        103 Alexander       Hunold          AHUNOLD    590.423.4567         03-JAN-90 IT_PROG          9000                       102            60                                                     
        104 Bruce           Ernst           BERNST     590.423.4568         21-MAY-91 IT_PROG          6000                       103            60                                                     
        107 Diana           Lorentz         DLORENTZ   590.423.5567         07-FEB-99 IT_PROG          4200                       103            60                                                     
        124 Kevin           Mourgos         KMOURGOS   650.123.5234         16-NOV-99 ST_MAN           5800                       100            50                                                     
        141 Trenna          Rajs            TRAJS      650.121.8009         17-OCT-95 ST_CLERK         3500                       124            50                                                     
        142 Curtis          Davies          CDAVIES    650.121.2994         29-JAN-97 ST_CLERK         3100                       124            50                                                     
        143 Randall         Matos           RMATOS     650.121.2874         15-MAR-98 ST_CLERK         2600                       124            50                                                     
        144 Peter           Vargas          PVARGAS    650.121.2004         09-JUL-98 ST_CLERK         2500                       124            50                                                     
        149 Eleni           Zlotkey         EZLOTKEY   011.44.1344.429018   29-JAN-00 SA_MAN          10500             .2        100            80                                                     
        174 Ellen           Abel            EABEL      011.44.1644.429267   11-MAY-96 SA_REP          11000             .3        149            80                                                     
        176 Jonathon        Taylor          JTAYLOR    011.44.1644.429265   24-MAR-98 SA_REP           8600             .3        149            80                                                     
        178 Kimerely        Grant           KGRANT     011.44.1644.429263   24-MAY-99 SA_REP           7000            .15        149                                                                   
        200 Jennifer        Whalen          JWHALEN    515.123.4444         17-SEP-87 AD_ASST          4400                       101            10                                                     
        201 Michael         Hartstein       MHARTSTE   515.123.5555         17-FEB-96 MK_MAN          13000                       100            20                                                     
        202 Pat             Fay             PFAY       603.123.6666         17-AUG-97 MK_REP           6000                       201            20                                                     
        205 Shelley         Higgins         SHIGGINS   515.123.8080         07-JUN-94 AC_MGR          12000                       101           110                                                     
        206 William         Gietz           WGIETZ     515.123.8181         07-JUN-94 AC_ACCOUNT       8300                       205           110                                                     

20 rows selected.

SQL> REM BY DEFAULT ROWS ARE SORTED IN ASCENDING ORDER OF ROWID.
SQL> 
SQL> SELECT ROWID , * FROM EMPLOYEES;
SELECT ROWID , * FROM EMPLOYEES
               *
ERROR at line 1:
ORA-00936: missing expression 


SQL> SELECT ROWID , EMPLOYEES.* FROM EMPLOYEES;

ROWID              EMPLOYEE_ID FIRST_NAME      LAST_NAME       EMAIL      PHONE_NUMBER         HIRE_DATE JOB_ID         SALARY COMMISSION_PCT MANAGER_ID DEPARTMENT_ID                                  
------------------ ----------- --------------- --------------- ---------- -------------------- --------- ---------- ---------- -------------- ---------- -------------                                  
AAAeCSAAHAAAA2XAAA         100 Steven          King            SKING      515.123.4567         17-JUL-87 AD_PRES         24000                                      90                                  
AAAeCSAAHAAAA2XAAB         101 Neena           Kochhar         NKOCHHAR   515.123.4568         21-SEP-89 AD_VP           17000                       100            90                                  
AAAeCSAAHAAAA2XAAC         102 Lex             De Haan         LDEHAAN    515.123.4569         13-JAN-93 AD_VP           17000                       100            90                                  
AAAeCSAAHAAAA2XAAD         103 Alexander       Hunold          AHUNOLD    590.423.4567         03-JAN-90 IT_PROG          9000                       102            60                                  
AAAeCSAAHAAAA2XAAE         104 Bruce           Ernst           BERNST     590.423.4568         21-MAY-91 IT_PROG          6000                       103            60                                  
AAAeCSAAHAAAA2XAAF         107 Diana           Lorentz         DLORENTZ   590.423.5567         07-FEB-99 IT_PROG          4200                       103            60                                  
AAAeCSAAHAAAA2XAAG         124 Kevin           Mourgos         KMOURGOS   650.123.5234         16-NOV-99 ST_MAN           5800                       100            50                                  
AAAeCSAAHAAAA2XAAH         141 Trenna          Rajs            TRAJS      650.121.8009         17-OCT-95 ST_CLERK         3500                       124            50                                  
AAAeCSAAHAAAA2XAAI         142 Curtis          Davies          CDAVIES    650.121.2994         29-JAN-97 ST_CLERK         3100                       124            50                                  
AAAeCSAAHAAAA2XAAJ         143 Randall         Matos           RMATOS     650.121.2874         15-MAR-98 ST_CLERK         2600                       124            50                                  
AAAeCSAAHAAAA2XAAK         144 Peter           Vargas          PVARGAS    650.121.2004         09-JUL-98 ST_CLERK         2500                       124            50                                  
AAAeCSAAHAAAA2XAAL         149 Eleni           Zlotkey         EZLOTKEY   011.44.1344.429018   29-JAN-00 SA_MAN          10500             .2        100            80                                  
AAAeCSAAHAAAA2XAAM         174 Ellen           Abel            EABEL      011.44.1644.429267   11-MAY-96 SA_REP          11000             .3        149            80                                  
AAAeCSAAHAAAA2XAAN         176 Jonathon        Taylor          JTAYLOR    011.44.1644.429265   24-MAR-98 SA_REP           8600             .3        149            80                                  
AAAeCSAAHAAAA2XAAO         178 Kimerely        Grant           KGRANT     011.44.1644.429263   24-MAY-99 SA_REP           7000            .15        149                                                
AAAeCSAAHAAAA2XAAP         200 Jennifer        Whalen          JWHALEN    515.123.4444         17-SEP-87 AD_ASST          4400                       101            10                                  
AAAeCSAAHAAAA2XAAQ         201 Michael         Hartstein       MHARTSTE   515.123.5555         17-FEB-96 MK_MAN          13000                       100            20                                  
AAAeCSAAHAAAA2XAAR         202 Pat             Fay             PFAY       603.123.6666         17-AUG-97 MK_REP           6000                       201            20                                  
AAAeCSAAHAAAA2XAAS         205 Shelley         Higgins         SHIGGINS   515.123.8080         07-JUN-94 AC_MGR          12000                       101           110                                  
AAAeCSAAHAAAA2XAAT         206 William         Gietz           WGIETZ     515.123.8181         07-JUN-94 AC_ACCOUNT       8300                       205           110                                  

20 rows selected.

SQL> SELECT ROWID , E.* FROM EMPLOYEES E;

ROWID              EMPLOYEE_ID FIRST_NAME      LAST_NAME       EMAIL      PHONE_NUMBER         HIRE_DATE JOB_ID         SALARY COMMISSION_PCT MANAGER_ID DEPARTMENT_ID                                  
------------------ ----------- --------------- --------------- ---------- -------------------- --------- ---------- ---------- -------------- ---------- -------------                                  
AAAeCSAAHAAAA2XAAA         100 Steven          King            SKING      515.123.4567         17-JUL-87 AD_PRES         24000                                      90                                  
AAAeCSAAHAAAA2XAAB         101 Neena           Kochhar         NKOCHHAR   515.123.4568         21-SEP-89 AD_VP           17000                       100            90                                  
AAAeCSAAHAAAA2XAAC         102 Lex             De Haan         LDEHAAN    515.123.4569         13-JAN-93 AD_VP           17000                       100            90                                  
AAAeCSAAHAAAA2XAAD         103 Alexander       Hunold          AHUNOLD    590.423.4567         03-JAN-90 IT_PROG          9000                       102            60                                  
AAAeCSAAHAAAA2XAAE         104 Bruce           Ernst           BERNST     590.423.4568         21-MAY-91 IT_PROG          6000                       103            60                                  
AAAeCSAAHAAAA2XAAF         107 Diana           Lorentz         DLORENTZ   590.423.5567         07-FEB-99 IT_PROG          4200                       103            60                                  
AAAeCSAAHAAAA2XAAG         124 Kevin           Mourgos         KMOURGOS   650.123.5234         16-NOV-99 ST_MAN           5800                       100            50                                  
AAAeCSAAHAAAA2XAAH         141 Trenna          Rajs            TRAJS      650.121.8009         17-OCT-95 ST_CLERK         3500                       124            50                                  
AAAeCSAAHAAAA2XAAI         142 Curtis          Davies          CDAVIES    650.121.2994         29-JAN-97 ST_CLERK         3100                       124            50                                  
AAAeCSAAHAAAA2XAAJ         143 Randall         Matos           RMATOS     650.121.2874         15-MAR-98 ST_CLERK         2600                       124            50                                  
AAAeCSAAHAAAA2XAAK         144 Peter           Vargas          PVARGAS    650.121.2004         09-JUL-98 ST_CLERK         2500                       124            50                                  
AAAeCSAAHAAAA2XAAL         149 Eleni           Zlotkey         EZLOTKEY   011.44.1344.429018   29-JAN-00 SA_MAN          10500             .2        100            80                                  
AAAeCSAAHAAAA2XAAM         174 Ellen           Abel            EABEL      011.44.1644.429267   11-MAY-96 SA_REP          11000             .3        149            80                                  
AAAeCSAAHAAAA2XAAN         176 Jonathon        Taylor          JTAYLOR    011.44.1644.429265   24-MAR-98 SA_REP           8600             .3        149            80                                  
AAAeCSAAHAAAA2XAAO         178 Kimerely        Grant           KGRANT     011.44.1644.429263   24-MAY-99 SA_REP           7000            .15        149                                                
AAAeCSAAHAAAA2XAAP         200 Jennifer        Whalen          JWHALEN    515.123.4444         17-SEP-87 AD_ASST          4400                       101            10                                  
AAAeCSAAHAAAA2XAAQ         201 Michael         Hartstein       MHARTSTE   515.123.5555         17-FEB-96 MK_MAN          13000                       100            20                                  
AAAeCSAAHAAAA2XAAR         202 Pat             Fay             PFAY       603.123.6666         17-AUG-97 MK_REP           6000                       201            20                                  
AAAeCSAAHAAAA2XAAS         205 Shelley         Higgins         SHIGGINS   515.123.8080         07-JUN-94 AC_MGR          12000                       101           110                                  
AAAeCSAAHAAAA2XAAT         206 William         Gietz           WGIETZ     515.123.8181         07-JUN-94 AC_ACCOUNT       8300                       205           110                                  

20 rows selected.

SQL> REM IF WE WANT TO SORT ROWS IN ANY OTHER ORDER WE NEED ORDER BY CLAUSE.
SQL> 
SQL> REM DISPLAY ROWS BY SORTING IT ON SALARY COLUMN IN ASCENDING ORDER.
SQL> 
SQL> SELECT * FROM EMPLOYEES ORDER BY SALARY;

EMPLOYEE_ID FIRST_NAME      LAST_NAME       EMAIL      PHONE_NUMBER         HIRE_DATE JOB_ID         SALARY COMMISSION_PCT MANAGER_ID DEPARTMENT_ID                                                     
----------- --------------- --------------- ---------- -------------------- --------- ---------- ---------- -------------- ---------- -------------                                                     
        144 Peter           Vargas          PVARGAS    650.121.2004         09-JUL-98 ST_CLERK         2500                       124            50                                                     
        143 Randall         Matos           RMATOS     650.121.2874         15-MAR-98 ST_CLERK         2600                       124            50                                                     
        142 Curtis          Davies          CDAVIES    650.121.2994         29-JAN-97 ST_CLERK         3100                       124            50                                                     
        141 Trenna          Rajs            TRAJS      650.121.8009         17-OCT-95 ST_CLERK         3500                       124            50                                                     
        107 Diana           Lorentz         DLORENTZ   590.423.5567         07-FEB-99 IT_PROG          4200                       103            60                                                     
        200 Jennifer        Whalen          JWHALEN    515.123.4444         17-SEP-87 AD_ASST          4400                       101            10                                                     
        124 Kevin           Mourgos         KMOURGOS   650.123.5234         16-NOV-99 ST_MAN           5800                       100            50                                                     
        104 Bruce           Ernst           BERNST     590.423.4568         21-MAY-91 IT_PROG          6000                       103            60                                                     
        202 Pat             Fay             PFAY       603.123.6666         17-AUG-97 MK_REP           6000                       201            20                                                     
        178 Kimerely        Grant           KGRANT     011.44.1644.429263   24-MAY-99 SA_REP           7000            .15        149                                                                   
        206 William         Gietz           WGIETZ     515.123.8181         07-JUN-94 AC_ACCOUNT       8300                       205           110                                                     
        176 Jonathon        Taylor          JTAYLOR    011.44.1644.429265   24-MAR-98 SA_REP           8600             .3        149            80                                                     
        103 Alexander       Hunold          AHUNOLD    590.423.4567         03-JAN-90 IT_PROG          9000                       102            60                                                     
        149 Eleni           Zlotkey         EZLOTKEY   011.44.1344.429018   29-JAN-00 SA_MAN          10500             .2        100            80                                                     
        174 Ellen           Abel            EABEL      011.44.1644.429267   11-MAY-96 SA_REP          11000             .3        149            80                                                     
        205 Shelley         Higgins         SHIGGINS   515.123.8080         07-JUN-94 AC_MGR          12000                       101           110                                                     
        201 Michael         Hartstein       MHARTSTE   515.123.5555         17-FEB-96 MK_MAN          13000                       100            20                                                     
        101 Neena           Kochhar         NKOCHHAR   515.123.4568         21-SEP-89 AD_VP           17000                       100            90                                                     
        102 Lex             De Haan         LDEHAAN    515.123.4569         13-JAN-93 AD_VP           17000                       100            90                                                     
        100 Steven          King            SKING      515.123.4567         17-JUL-87 AD_PRES         24000                                      90                                                     

20 rows selected.

SQL> SELECT * FROM EMPLOYEES ORDER BY SALARY ASC;

EMPLOYEE_ID FIRST_NAME      LAST_NAME       EMAIL      PHONE_NUMBER         HIRE_DATE JOB_ID         SALARY COMMISSION_PCT MANAGER_ID DEPARTMENT_ID                                                     
----------- --------------- --------------- ---------- -------------------- --------- ---------- ---------- -------------- ---------- -------------                                                     
        144 Peter           Vargas          PVARGAS    650.121.2004         09-JUL-98 ST_CLERK         2500                       124            50                                                     
        143 Randall         Matos           RMATOS     650.121.2874         15-MAR-98 ST_CLERK         2600                       124            50                                                     
        142 Curtis          Davies          CDAVIES    650.121.2994         29-JAN-97 ST_CLERK         3100                       124            50                                                     
        141 Trenna          Rajs            TRAJS      650.121.8009         17-OCT-95 ST_CLERK         3500                       124            50                                                     
        107 Diana           Lorentz         DLORENTZ   590.423.5567         07-FEB-99 IT_PROG          4200                       103            60                                                     
        200 Jennifer        Whalen          JWHALEN    515.123.4444         17-SEP-87 AD_ASST          4400                       101            10                                                     
        124 Kevin           Mourgos         KMOURGOS   650.123.5234         16-NOV-99 ST_MAN           5800                       100            50                                                     
        104 Bruce           Ernst           BERNST     590.423.4568         21-MAY-91 IT_PROG          6000                       103            60                                                     
        202 Pat             Fay             PFAY       603.123.6666         17-AUG-97 MK_REP           6000                       201            20                                                     
        178 Kimerely        Grant           KGRANT     011.44.1644.429263   24-MAY-99 SA_REP           7000            .15        149                                                                   
        206 William         Gietz           WGIETZ     515.123.8181         07-JUN-94 AC_ACCOUNT       8300                       205           110                                                     
        176 Jonathon        Taylor          JTAYLOR    011.44.1644.429265   24-MAR-98 SA_REP           8600             .3        149            80                                                     
        103 Alexander       Hunold          AHUNOLD    590.423.4567         03-JAN-90 IT_PROG          9000                       102            60                                                     
        149 Eleni           Zlotkey         EZLOTKEY   011.44.1344.429018   29-JAN-00 SA_MAN          10500             .2        100            80                                                     
        174 Ellen           Abel            EABEL      011.44.1644.429267   11-MAY-96 SA_REP          11000             .3        149            80                                                     
        205 Shelley         Higgins         SHIGGINS   515.123.8080         07-JUN-94 AC_MGR          12000                       101           110                                                     
        201 Michael         Hartstein       MHARTSTE   515.123.5555         17-FEB-96 MK_MAN          13000                       100            20                                                     
        101 Neena           Kochhar         NKOCHHAR   515.123.4568         21-SEP-89 AD_VP           17000                       100            90                                                     
        102 Lex             De Haan         LDEHAAN    515.123.4569         13-JAN-93 AD_VP           17000                       100            90                                                     
        100 Steven          King            SKING      515.123.4567         17-JUL-87 AD_PRES         24000                                      90                                                     

20 rows selected.

SQL> SELECT * FROM EMPLOYEES ORDER BY SALARY DESC;

EMPLOYEE_ID FIRST_NAME      LAST_NAME       EMAIL      PHONE_NUMBER         HIRE_DATE JOB_ID         SALARY COMMISSION_PCT MANAGER_ID DEPARTMENT_ID                                                     
----------- --------------- --------------- ---------- -------------------- --------- ---------- ---------- -------------- ---------- -------------                                                     
        100 Steven          King            SKING      515.123.4567         17-JUL-87 AD_PRES         24000                                      90                                                     
        101 Neena           Kochhar         NKOCHHAR   515.123.4568         21-SEP-89 AD_VP           17000                       100            90                                                     
        102 Lex             De Haan         LDEHAAN    515.123.4569         13-JAN-93 AD_VP           17000                       100            90                                                     
        201 Michael         Hartstein       MHARTSTE   515.123.5555         17-FEB-96 MK_MAN          13000                       100            20                                                     
        205 Shelley         Higgins         SHIGGINS   515.123.8080         07-JUN-94 AC_MGR          12000                       101           110                                                     
        174 Ellen           Abel            EABEL      011.44.1644.429267   11-MAY-96 SA_REP          11000             .3        149            80                                                     
        149 Eleni           Zlotkey         EZLOTKEY   011.44.1344.429018   29-JAN-00 SA_MAN          10500             .2        100            80                                                     
        103 Alexander       Hunold          AHUNOLD    590.423.4567         03-JAN-90 IT_PROG          9000                       102            60                                                     
        176 Jonathon        Taylor          JTAYLOR    011.44.1644.429265   24-MAR-98 SA_REP           8600             .3        149            80                                                     
        206 William         Gietz           WGIETZ     515.123.8181         07-JUN-94 AC_ACCOUNT       8300                       205           110                                                     
        178 Kimerely        Grant           KGRANT     011.44.1644.429263   24-MAY-99 SA_REP           7000            .15        149                                                                   
        104 Bruce           Ernst           BERNST     590.423.4568         21-MAY-91 IT_PROG          6000                       103            60                                                     
        202 Pat             Fay             PFAY       603.123.6666         17-AUG-97 MK_REP           6000                       201            20                                                     
        124 Kevin           Mourgos         KMOURGOS   650.123.5234         16-NOV-99 ST_MAN           5800                       100            50                                                     
        200 Jennifer        Whalen          JWHALEN    515.123.4444         17-SEP-87 AD_ASST          4400                       101            10                                                     
        107 Diana           Lorentz         DLORENTZ   590.423.5567         07-FEB-99 IT_PROG          4200                       103            60                                                     
        141 Trenna          Rajs            TRAJS      650.121.8009         17-OCT-95 ST_CLERK         3500                       124            50                                                     
        142 Curtis          Davies          CDAVIES    650.121.2994         29-JAN-97 ST_CLERK         3100                       124            50                                                     
        143 Randall         Matos           RMATOS     650.121.2874         15-MAR-98 ST_CLERK         2600                       124            50                                                     
        144 Peter           Vargas          PVARGAS    650.121.2004         09-JUL-98 ST_CLERK         2500                       124            50                                                     

20 rows selected.

SQL> SELECT * FROM EMPLOYEES ORDER BY HIRE_DATE;

EMPLOYEE_ID FIRST_NAME      LAST_NAME       EMAIL      PHONE_NUMBER         HIRE_DATE JOB_ID         SALARY COMMISSION_PCT MANAGER_ID DEPARTMENT_ID                                                     
----------- --------------- --------------- ---------- -------------------- --------- ---------- ---------- -------------- ---------- -------------                                                     
        100 Steven          King            SKING      515.123.4567         17-JUL-87 AD_PRES         24000                                      90                                                     
        200 Jennifer        Whalen          JWHALEN    515.123.4444         17-SEP-87 AD_ASST          4400                       101            10                                                     
        101 Neena           Kochhar         NKOCHHAR   515.123.4568         21-SEP-89 AD_VP           17000                       100            90                                                     
        103 Alexander       Hunold          AHUNOLD    590.423.4567         03-JAN-90 IT_PROG          9000                       102            60                                                     
        104 Bruce           Ernst           BERNST     590.423.4568         21-MAY-91 IT_PROG          6000                       103            60                                                     
        102 Lex             De Haan         LDEHAAN    515.123.4569         13-JAN-93 AD_VP           17000                       100            90                                                     
        205 Shelley         Higgins         SHIGGINS   515.123.8080         07-JUN-94 AC_MGR          12000                       101           110                                                     
        206 William         Gietz           WGIETZ     515.123.8181         07-JUN-94 AC_ACCOUNT       8300                       205           110                                                     
        141 Trenna          Rajs            TRAJS      650.121.8009         17-OCT-95 ST_CLERK         3500                       124            50                                                     
        201 Michael         Hartstein       MHARTSTE   515.123.5555         17-FEB-96 MK_MAN          13000                       100            20                                                     
        174 Ellen           Abel            EABEL      011.44.1644.429267   11-MAY-96 SA_REP          11000             .3        149            80                                                     
        142 Curtis          Davies          CDAVIES    650.121.2994         29-JAN-97 ST_CLERK         3100                       124            50                                                     
        202 Pat             Fay             PFAY       603.123.6666         17-AUG-97 MK_REP           6000                       201            20                                                     
        143 Randall         Matos           RMATOS     650.121.2874         15-MAR-98 ST_CLERK         2600                       124            50                                                     
        176 Jonathon        Taylor          JTAYLOR    011.44.1644.429265   24-MAR-98 SA_REP           8600             .3        149            80                                                     
        144 Peter           Vargas          PVARGAS    650.121.2004         09-JUL-98 ST_CLERK         2500                       124            50                                                     
        107 Diana           Lorentz         DLORENTZ   590.423.5567         07-FEB-99 IT_PROG          4200                       103            60                                                     
        178 Kimerely        Grant           KGRANT     011.44.1644.429263   24-MAY-99 SA_REP           7000            .15        149                                                                   
        124 Kevin           Mourgos         KMOURGOS   650.123.5234         16-NOV-99 ST_MAN           5800                       100            50                                                     
        149 Eleni           Zlotkey         EZLOTKEY   011.44.1344.429018   29-JAN-00 SA_MAN          10500             .2        100            80                                                     

20 rows selected.

SQL> SELECT * FROM EMPLOYEES ORDER BY HIRE_DATE ASC;

EMPLOYEE_ID FIRST_NAME      LAST_NAME       EMAIL      PHONE_NUMBER         HIRE_DATE JOB_ID         SALARY COMMISSION_PCT MANAGER_ID DEPARTMENT_ID                                                     
----------- --------------- --------------- ---------- -------------------- --------- ---------- ---------- -------------- ---------- -------------                                                     
        100 Steven          King            SKING      515.123.4567         17-JUL-87 AD_PRES         24000                                      90                                                     
        200 Jennifer        Whalen          JWHALEN    515.123.4444         17-SEP-87 AD_ASST          4400                       101            10                                                     
        101 Neena           Kochhar         NKOCHHAR   515.123.4568         21-SEP-89 AD_VP           17000                       100            90                                                     
        103 Alexander       Hunold          AHUNOLD    590.423.4567         03-JAN-90 IT_PROG          9000                       102            60                                                     
        104 Bruce           Ernst           BERNST     590.423.4568         21-MAY-91 IT_PROG          6000                       103            60                                                     
        102 Lex             De Haan         LDEHAAN    515.123.4569         13-JAN-93 AD_VP           17000                       100            90                                                     
        205 Shelley         Higgins         SHIGGINS   515.123.8080         07-JUN-94 AC_MGR          12000                       101           110                                                     
        206 William         Gietz           WGIETZ     515.123.8181         07-JUN-94 AC_ACCOUNT       8300                       205           110                                                     
        141 Trenna          Rajs            TRAJS      650.121.8009         17-OCT-95 ST_CLERK         3500                       124            50                                                     
        201 Michael         Hartstein       MHARTSTE   515.123.5555         17-FEB-96 MK_MAN          13000                       100            20                                                     
        174 Ellen           Abel            EABEL      011.44.1644.429267   11-MAY-96 SA_REP          11000             .3        149            80                                                     
        142 Curtis          Davies          CDAVIES    650.121.2994         29-JAN-97 ST_CLERK         3100                       124            50                                                     
        202 Pat             Fay             PFAY       603.123.6666         17-AUG-97 MK_REP           6000                       201            20                                                     
        143 Randall         Matos           RMATOS     650.121.2874         15-MAR-98 ST_CLERK         2600                       124            50                                                     
        176 Jonathon        Taylor          JTAYLOR    011.44.1644.429265   24-MAR-98 SA_REP           8600             .3        149            80                                                     
        144 Peter           Vargas          PVARGAS    650.121.2004         09-JUL-98 ST_CLERK         2500                       124            50                                                     
        107 Diana           Lorentz         DLORENTZ   590.423.5567         07-FEB-99 IT_PROG          4200                       103            60                                                     
        178 Kimerely        Grant           KGRANT     011.44.1644.429263   24-MAY-99 SA_REP           7000            .15        149                                                                   
        124 Kevin           Mourgos         KMOURGOS   650.123.5234         16-NOV-99 ST_MAN           5800                       100            50                                                     
        149 Eleni           Zlotkey         EZLOTKEY   011.44.1344.429018   29-JAN-00 SA_MAN          10500             .2        100            80                                                     

20 rows selected.

SQL> SELECT * FROM EMPLOYEES ORDER BY HIRE_DATE DESC;

EMPLOYEE_ID FIRST_NAME      LAST_NAME       EMAIL      PHONE_NUMBER         HIRE_DATE JOB_ID         SALARY COMMISSION_PCT MANAGER_ID DEPARTMENT_ID                                                     
----------- --------------- --------------- ---------- -------------------- --------- ---------- ---------- -------------- ---------- -------------                                                     
        149 Eleni           Zlotkey         EZLOTKEY   011.44.1344.429018   29-JAN-00 SA_MAN          10500             .2        100            80                                                     
        124 Kevin           Mourgos         KMOURGOS   650.123.5234         16-NOV-99 ST_MAN           5800                       100            50                                                     
        178 Kimerely        Grant           KGRANT     011.44.1644.429263   24-MAY-99 SA_REP           7000            .15        149                                                                   
        107 Diana           Lorentz         DLORENTZ   590.423.5567         07-FEB-99 IT_PROG          4200                       103            60                                                     
        144 Peter           Vargas          PVARGAS    650.121.2004         09-JUL-98 ST_CLERK         2500                       124            50                                                     
        176 Jonathon        Taylor          JTAYLOR    011.44.1644.429265   24-MAR-98 SA_REP           8600             .3        149            80                                                     
        143 Randall         Matos           RMATOS     650.121.2874         15-MAR-98 ST_CLERK         2600                       124            50                                                     
        202 Pat             Fay             PFAY       603.123.6666         17-AUG-97 MK_REP           6000                       201            20                                                     
        142 Curtis          Davies          CDAVIES    650.121.2994         29-JAN-97 ST_CLERK         3100                       124            50                                                     
        174 Ellen           Abel            EABEL      011.44.1644.429267   11-MAY-96 SA_REP          11000             .3        149            80                                                     
        201 Michael         Hartstein       MHARTSTE   515.123.5555         17-FEB-96 MK_MAN          13000                       100            20                                                     
        141 Trenna          Rajs            TRAJS      650.121.8009         17-OCT-95 ST_CLERK         3500                       124            50                                                     
        205 Shelley         Higgins         SHIGGINS   515.123.8080         07-JUN-94 AC_MGR          12000                       101           110                                                     
        206 William         Gietz           WGIETZ     515.123.8181         07-JUN-94 AC_ACCOUNT       8300                       205           110                                                     
        102 Lex             De Haan         LDEHAAN    515.123.4569         13-JAN-93 AD_VP           17000                       100            90                                                     
        104 Bruce           Ernst           BERNST     590.423.4568         21-MAY-91 IT_PROG          6000                       103            60                                                     
        103 Alexander       Hunold          AHUNOLD    590.423.4567         03-JAN-90 IT_PROG          9000                       102            60                                                     
        101 Neena           Kochhar         NKOCHHAR   515.123.4568         21-SEP-89 AD_VP           17000                       100            90                                                     
        200 Jennifer        Whalen          JWHALEN    515.123.4444         17-SEP-87 AD_ASST          4400                       101            10                                                     
        100 Steven          King            SKING      515.123.4567         17-JUL-87 AD_PRES         24000                                      90                                                     

20 rows selected.

SQL> SELECT * FROM EMPLOYEES ORDER BY FIRST_NAME;

EMPLOYEE_ID FIRST_NAME      LAST_NAME       EMAIL      PHONE_NUMBER         HIRE_DATE JOB_ID         SALARY COMMISSION_PCT MANAGER_ID DEPARTMENT_ID                                                     
----------- --------------- --------------- ---------- -------------------- --------- ---------- ---------- -------------- ---------- -------------                                                     
        103 Alexander       Hunold          AHUNOLD    590.423.4567         03-JAN-90 IT_PROG          9000                       102            60                                                     
        104 Bruce           Ernst           BERNST     590.423.4568         21-MAY-91 IT_PROG          6000                       103            60                                                     
        142 Curtis          Davies          CDAVIES    650.121.2994         29-JAN-97 ST_CLERK         3100                       124            50                                                     
        107 Diana           Lorentz         DLORENTZ   590.423.5567         07-FEB-99 IT_PROG          4200                       103            60                                                     
        149 Eleni           Zlotkey         EZLOTKEY   011.44.1344.429018   29-JAN-00 SA_MAN          10500             .2        100            80                                                     
        174 Ellen           Abel            EABEL      011.44.1644.429267   11-MAY-96 SA_REP          11000             .3        149            80                                                     
        200 Jennifer        Whalen          JWHALEN    515.123.4444         17-SEP-87 AD_ASST          4400                       101            10                                                     
        176 Jonathon        Taylor          JTAYLOR    011.44.1644.429265   24-MAR-98 SA_REP           8600             .3        149            80                                                     
        124 Kevin           Mourgos         KMOURGOS   650.123.5234         16-NOV-99 ST_MAN           5800                       100            50                                                     
        178 Kimerely        Grant           KGRANT     011.44.1644.429263   24-MAY-99 SA_REP           7000            .15        149                                                                   
        102 Lex             De Haan         LDEHAAN    515.123.4569         13-JAN-93 AD_VP           17000                       100            90                                                     
        201 Michael         Hartstein       MHARTSTE   515.123.5555         17-FEB-96 MK_MAN          13000                       100            20                                                     
        101 Neena           Kochhar         NKOCHHAR   515.123.4568         21-SEP-89 AD_VP           17000                       100            90                                                     
        202 Pat             Fay             PFAY       603.123.6666         17-AUG-97 MK_REP           6000                       201            20                                                     
        144 Peter           Vargas          PVARGAS    650.121.2004         09-JUL-98 ST_CLERK         2500                       124            50                                                     
        143 Randall         Matos           RMATOS     650.121.2874         15-MAR-98 ST_CLERK         2600                       124            50                                                     
        205 Shelley         Higgins         SHIGGINS   515.123.8080         07-JUN-94 AC_MGR          12000                       101           110                                                     
        100 Steven          King            SKING      515.123.4567         17-JUL-87 AD_PRES         24000                                      90                                                     
        141 Trenna          Rajs            TRAJS      650.121.8009         17-OCT-95 ST_CLERK         3500                       124            50                                                     
        206 William         Gietz           WGIETZ     515.123.8181         07-JUN-94 AC_ACCOUNT       8300                       205           110                                                     

20 rows selected.

SQL> SELECT * FROM EMPLOYEES ORDER BY FIRST_NAME ASC;

EMPLOYEE_ID FIRST_NAME      LAST_NAME       EMAIL      PHONE_NUMBER         HIRE_DATE JOB_ID         SALARY COMMISSION_PCT MANAGER_ID DEPARTMENT_ID                                                     
----------- --------------- --------------- ---------- -------------------- --------- ---------- ---------- -------------- ---------- -------------                                                     
        103 Alexander       Hunold          AHUNOLD    590.423.4567         03-JAN-90 IT_PROG          9000                       102            60                                                     
        104 Bruce           Ernst           BERNST     590.423.4568         21-MAY-91 IT_PROG          6000                       103            60                                                     
        142 Curtis          Davies          CDAVIES    650.121.2994         29-JAN-97 ST_CLERK         3100                       124            50                                                     
        107 Diana           Lorentz         DLORENTZ   590.423.5567         07-FEB-99 IT_PROG          4200                       103            60                                                     
        149 Eleni           Zlotkey         EZLOTKEY   011.44.1344.429018   29-JAN-00 SA_MAN          10500             .2        100            80                                                     
        174 Ellen           Abel            EABEL      011.44.1644.429267   11-MAY-96 SA_REP          11000             .3        149            80                                                     
        200 Jennifer        Whalen          JWHALEN    515.123.4444         17-SEP-87 AD_ASST          4400                       101            10                                                     
        176 Jonathon        Taylor          JTAYLOR    011.44.1644.429265   24-MAR-98 SA_REP           8600             .3        149            80                                                     
        124 Kevin           Mourgos         KMOURGOS   650.123.5234         16-NOV-99 ST_MAN           5800                       100            50                                                     
        178 Kimerely        Grant           KGRANT     011.44.1644.429263   24-MAY-99 SA_REP           7000            .15        149                                                                   
        102 Lex             De Haan         LDEHAAN    515.123.4569         13-JAN-93 AD_VP           17000                       100            90                                                     
        201 Michael         Hartstein       MHARTSTE   515.123.5555         17-FEB-96 MK_MAN          13000                       100            20                                                     
        101 Neena           Kochhar         NKOCHHAR   515.123.4568         21-SEP-89 AD_VP           17000                       100            90                                                     
        202 Pat             Fay             PFAY       603.123.6666         17-AUG-97 MK_REP           6000                       201            20                                                     
        144 Peter           Vargas          PVARGAS    650.121.2004         09-JUL-98 ST_CLERK         2500                       124            50                                                     
        143 Randall         Matos           RMATOS     650.121.2874         15-MAR-98 ST_CLERK         2600                       124            50                                                     
        205 Shelley         Higgins         SHIGGINS   515.123.8080         07-JUN-94 AC_MGR          12000                       101           110                                                     
        100 Steven          King            SKING      515.123.4567         17-JUL-87 AD_PRES         24000                                      90                                                     
        141 Trenna          Rajs            TRAJS      650.121.8009         17-OCT-95 ST_CLERK         3500                       124            50                                                     
        206 William         Gietz           WGIETZ     515.123.8181         07-JUN-94 AC_ACCOUNT       8300                       205           110                                                     

20 rows selected.

SQL> SELECT * FROM EMPLOYEES ORDER BY FIRST_NAME DESC;

EMPLOYEE_ID FIRST_NAME      LAST_NAME       EMAIL      PHONE_NUMBER         HIRE_DATE JOB_ID         SALARY COMMISSION_PCT MANAGER_ID DEPARTMENT_ID                                                     
----------- --------------- --------------- ---------- -------------------- --------- ---------- ---------- -------------- ---------- -------------                                                     
        206 William         Gietz           WGIETZ     515.123.8181         07-JUN-94 AC_ACCOUNT       8300                       205           110                                                     
        141 Trenna          Rajs            TRAJS      650.121.8009         17-OCT-95 ST_CLERK         3500                       124            50                                                     
        100 Steven          King            SKING      515.123.4567         17-JUL-87 AD_PRES         24000                                      90                                                     
        205 Shelley         Higgins         SHIGGINS   515.123.8080         07-JUN-94 AC_MGR          12000                       101           110                                                     
        143 Randall         Matos           RMATOS     650.121.2874         15-MAR-98 ST_CLERK         2600                       124            50                                                     
        144 Peter           Vargas          PVARGAS    650.121.2004         09-JUL-98 ST_CLERK         2500                       124            50                                                     
        202 Pat             Fay             PFAY       603.123.6666         17-AUG-97 MK_REP           6000                       201            20                                                     
        101 Neena           Kochhar         NKOCHHAR   515.123.4568         21-SEP-89 AD_VP           17000                       100            90                                                     
        201 Michael         Hartstein       MHARTSTE   515.123.5555         17-FEB-96 MK_MAN          13000                       100            20                                                     
        102 Lex             De Haan         LDEHAAN    515.123.4569         13-JAN-93 AD_VP           17000                       100            90                                                     
        178 Kimerely        Grant           KGRANT     011.44.1644.429263   24-MAY-99 SA_REP           7000            .15        149                                                                   
        124 Kevin           Mourgos         KMOURGOS   650.123.5234         16-NOV-99 ST_MAN           5800                       100            50                                                     
        176 Jonathon        Taylor          JTAYLOR    011.44.1644.429265   24-MAR-98 SA_REP           8600             .3        149            80                                                     
        200 Jennifer        Whalen          JWHALEN    515.123.4444         17-SEP-87 AD_ASST          4400                       101            10                                                     
        174 Ellen           Abel            EABEL      011.44.1644.429267   11-MAY-96 SA_REP          11000             .3        149            80                                                     
        149 Eleni           Zlotkey         EZLOTKEY   011.44.1344.429018   29-JAN-00 SA_MAN          10500             .2        100            80                                                     
        107 Diana           Lorentz         DLORENTZ   590.423.5567         07-FEB-99 IT_PROG          4200                       103            60                                                     
        142 Curtis          Davies          CDAVIES    650.121.2994         29-JAN-97 ST_CLERK         3100                       124            50                                                     
        104 Bruce           Ernst           BERNST     590.423.4568         21-MAY-91 IT_PROG          6000                       103            60                                                     
        103 Alexander       Hunold          AHUNOLD    590.423.4567         03-JAN-90 IT_PROG          9000                       102            60                                                     

20 rows selected.

SQL> REM ORDER BY CLAUSE SUPPORTS COLUMN REFERENCE IN 3 WAYS : 1 COLUMN NAME 2 COLUMN POSITION 3 COLUMN ALIAS (IF USED)
SQL> 
SQL> SELECT * FROM EMPLOYEES ORDER BY SALARY;

EMPLOYEE_ID FIRST_NAME      LAST_NAME       EMAIL      PHONE_NUMBER         HIRE_DATE JOB_ID         SALARY COMMISSION_PCT MANAGER_ID DEPARTMENT_ID                                                     
----------- --------------- --------------- ---------- -------------------- --------- ---------- ---------- -------------- ---------- -------------                                                     
        144 Peter           Vargas          PVARGAS    650.121.2004         09-JUL-98 ST_CLERK         2500                       124            50                                                     
        143 Randall         Matos           RMATOS     650.121.2874         15-MAR-98 ST_CLERK         2600                       124            50                                                     
        142 Curtis          Davies          CDAVIES    650.121.2994         29-JAN-97 ST_CLERK         3100                       124            50                                                     
        141 Trenna          Rajs            TRAJS      650.121.8009         17-OCT-95 ST_CLERK         3500                       124            50                                                     
        107 Diana           Lorentz         DLORENTZ   590.423.5567         07-FEB-99 IT_PROG          4200                       103            60                                                     
        200 Jennifer        Whalen          JWHALEN    515.123.4444         17-SEP-87 AD_ASST          4400                       101            10                                                     
        124 Kevin           Mourgos         KMOURGOS   650.123.5234         16-NOV-99 ST_MAN           5800                       100            50                                                     
        104 Bruce           Ernst           BERNST     590.423.4568         21-MAY-91 IT_PROG          6000                       103            60                                                     
        202 Pat             Fay             PFAY       603.123.6666         17-AUG-97 MK_REP           6000                       201            20                                                     
        178 Kimerely        Grant           KGRANT     011.44.1644.429263   24-MAY-99 SA_REP           7000            .15        149                                                                   
        206 William         Gietz           WGIETZ     515.123.8181         07-JUN-94 AC_ACCOUNT       8300                       205           110                                                     
        176 Jonathon        Taylor          JTAYLOR    011.44.1644.429265   24-MAR-98 SA_REP           8600             .3        149            80                                                     
        103 Alexander       Hunold          AHUNOLD    590.423.4567         03-JAN-90 IT_PROG          9000                       102            60                                                     
        149 Eleni           Zlotkey         EZLOTKEY   011.44.1344.429018   29-JAN-00 SA_MAN          10500             .2        100            80                                                     
        174 Ellen           Abel            EABEL      011.44.1644.429267   11-MAY-96 SA_REP          11000             .3        149            80                                                     
        205 Shelley         Higgins         SHIGGINS   515.123.8080         07-JUN-94 AC_MGR          12000                       101           110                                                     
        201 Michael         Hartstein       MHARTSTE   515.123.5555         17-FEB-96 MK_MAN          13000                       100            20                                                     
        101 Neena           Kochhar         NKOCHHAR   515.123.4568         21-SEP-89 AD_VP           17000                       100            90                                                     
        102 Lex             De Haan         LDEHAAN    515.123.4569         13-JAN-93 AD_VP           17000                       100            90                                                     
        100 Steven          King            SKING      515.123.4567         17-JUL-87 AD_PRES         24000                                      90                                                     

20 rows selected.

SQL> SELECT * FROM EMPLOYEES ORDER BY 8;

EMPLOYEE_ID FIRST_NAME      LAST_NAME       EMAIL      PHONE_NUMBER         HIRE_DATE JOB_ID         SALARY COMMISSION_PCT MANAGER_ID DEPARTMENT_ID                                                     
----------- --------------- --------------- ---------- -------------------- --------- ---------- ---------- -------------- ---------- -------------                                                     
        144 Peter           Vargas          PVARGAS    650.121.2004         09-JUL-98 ST_CLERK         2500                       124            50                                                     
        143 Randall         Matos           RMATOS     650.121.2874         15-MAR-98 ST_CLERK         2600                       124            50                                                     
        142 Curtis          Davies          CDAVIES    650.121.2994         29-JAN-97 ST_CLERK         3100                       124            50                                                     
        141 Trenna          Rajs            TRAJS      650.121.8009         17-OCT-95 ST_CLERK         3500                       124            50                                                     
        107 Diana           Lorentz         DLORENTZ   590.423.5567         07-FEB-99 IT_PROG          4200                       103            60                                                     
        200 Jennifer        Whalen          JWHALEN    515.123.4444         17-SEP-87 AD_ASST          4400                       101            10                                                     
        124 Kevin           Mourgos         KMOURGOS   650.123.5234         16-NOV-99 ST_MAN           5800                       100            50                                                     
        104 Bruce           Ernst           BERNST     590.423.4568         21-MAY-91 IT_PROG          6000                       103            60                                                     
        202 Pat             Fay             PFAY       603.123.6666         17-AUG-97 MK_REP           6000                       201            20                                                     
        178 Kimerely        Grant           KGRANT     011.44.1644.429263   24-MAY-99 SA_REP           7000            .15        149                                                                   
        206 William         Gietz           WGIETZ     515.123.8181         07-JUN-94 AC_ACCOUNT       8300                       205           110                                                     
        176 Jonathon        Taylor          JTAYLOR    011.44.1644.429265   24-MAR-98 SA_REP           8600             .3        149            80                                                     
        103 Alexander       Hunold          AHUNOLD    590.423.4567         03-JAN-90 IT_PROG          9000                       102            60                                                     
        149 Eleni           Zlotkey         EZLOTKEY   011.44.1344.429018   29-JAN-00 SA_MAN          10500             .2        100            80                                                     
        174 Ellen           Abel            EABEL      011.44.1644.429267   11-MAY-96 SA_REP          11000             .3        149            80                                                     
        205 Shelley         Higgins         SHIGGINS   515.123.8080         07-JUN-94 AC_MGR          12000                       101           110                                                     
        201 Michael         Hartstein       MHARTSTE   515.123.5555         17-FEB-96 MK_MAN          13000                       100            20                                                     
        101 Neena           Kochhar         NKOCHHAR   515.123.4568         21-SEP-89 AD_VP           17000                       100            90                                                     
        102 Lex             De Haan         LDEHAAN    515.123.4569         13-JAN-93 AD_VP           17000                       100            90                                                     
        100 Steven          King            SKING      515.123.4567         17-JUL-87 AD_PRES         24000                                      90                                                     

20 rows selected.

SQL> SELECT FIRST_NAME , SALARY PAYMENT FROM EMPLOYEES ORDER BY SALARY;

FIRST_NAME         PAYMENT                                                                                                                                                                              
--------------- ----------                                                                                                                                                                              
Peter                 2500                                                                                                                                                                              
Randall               2600                                                                                                                                                                              
Curtis                3100                                                                                                                                                                              
Trenna                3500                                                                                                                                                                              
Diana                 4200                                                                                                                                                                              
Jennifer              4400                                                                                                                                                                              
Kevin                 5800                                                                                                                                                                              
Bruce                 6000                                                                                                                                                                              
Pat                   6000                                                                                                                                                                              
Kimerely              7000                                                                                                                                                                              
William               8300                                                                                                                                                                              
Jonathon              8600                                                                                                                                                                              
Alexander             9000                                                                                                                                                                              
Eleni                10500                                                                                                                                                                              
Ellen                11000                                                                                                                                                                              
Shelley              12000                                                                                                                                                                              
Michael              13000                                                                                                                                                                              
Neena                17000                                                                                                                                                                              
Lex                  17000                                                                                                                                                                              
Steven               24000                                                                                                                                                                              

20 rows selected.

SQL> SELECT FIRST_NAME , SALARY PAYMENT FROM EMPLOYEES ORDER BY 2;

FIRST_NAME         PAYMENT                                                                                                                                                                              
--------------- ----------                                                                                                                                                                              
Peter                 2500                                                                                                                                                                              
Randall               2600                                                                                                                                                                              
Curtis                3100                                                                                                                                                                              
Trenna                3500                                                                                                                                                                              
Diana                 4200                                                                                                                                                                              
Jennifer              4400                                                                                                                                                                              
Kevin                 5800                                                                                                                                                                              
Bruce                 6000                                                                                                                                                                              
Pat                   6000                                                                                                                                                                              
Kimerely              7000                                                                                                                                                                              
William               8300                                                                                                                                                                              
Jonathon              8600                                                                                                                                                                              
Alexander             9000                                                                                                                                                                              
Eleni                10500                                                                                                                                                                              
Ellen                11000                                                                                                                                                                              
Shelley              12000                                                                                                                                                                              
Michael              13000                                                                                                                                                                              
Neena                17000                                                                                                                                                                              
Lex                  17000                                                                                                                                                                              
Steven               24000                                                                                                                                                                              

20 rows selected.

SQL> SELECT FIRST_NAME , SALARY PAYMENT FROM EMPLOYEES ORDER BY PAYMENT;

FIRST_NAME         PAYMENT                                                                                                                                                                              
--------------- ----------                                                                                                                                                                              
Peter                 2500                                                                                                                                                                              
Randall               2600                                                                                                                                                                              
Curtis                3100                                                                                                                                                                              
Trenna                3500                                                                                                                                                                              
Diana                 4200                                                                                                                                                                              
Jennifer              4400                                                                                                                                                                              
Kevin                 5800                                                                                                                                                                              
Bruce                 6000                                                                                                                                                                              
Pat                   6000                                                                                                                                                                              
Kimerely              7000                                                                                                                                                                              
William               8300                                                                                                                                                                              
Jonathon              8600                                                                                                                                                                              
Alexander             9000                                                                                                                                                                              
Eleni                10500                                                                                                                                                                              
Ellen                11000                                                                                                                                                                              
Shelley              12000                                                                                                                                                                              
Michael              13000                                                                                                                                                                              
Neena                17000                                                                                                                                                                              
Lex                  17000                                                                                                                                                                              
Steven               24000                                                                                                                                                                              

20 rows selected.

SQL> SELECT FIRST_NAME , SALARY PAYMENT FROM EMPLOYEES ORDER BY payment;

FIRST_NAME         PAYMENT                                                                                                                                                                              
--------------- ----------                                                                                                                                                                              
Peter                 2500                                                                                                                                                                              
Randall               2600                                                                                                                                                                              
Curtis                3100                                                                                                                                                                              
Trenna                3500                                                                                                                                                                              
Diana                 4200                                                                                                                                                                              
Jennifer              4400                                                                                                                                                                              
Kevin                 5800                                                                                                                                                                              
Bruce                 6000                                                                                                                                                                              
Pat                   6000                                                                                                                                                                              
Kimerely              7000                                                                                                                                                                              
William               8300                                                                                                                                                                              
Jonathon              8600                                                                                                                                                                              
Alexander             9000                                                                                                                                                                              
Eleni                10500                                                                                                                                                                              
Ellen                11000                                                                                                                                                                              
Shelley              12000                                                                                                                                                                              
Michael              13000                                                                                                                                                                              
Neena                17000                                                                                                                                                                              
Lex                  17000                                                                                                                                                                              
Steven               24000                                                                                                                                                                              

20 rows selected.

SQL> SELECT FIRST_NAME , SALARY "Monthly Payment" FROM EMPLOYEES ORDER BY "Monthly Payment";

FIRST_NAME      Monthly Payment                                                                                                                                                                         
--------------- ---------------                                                                                                                                                                         
Peter                      2500                                                                                                                                                                         
Randall                    2600                                                                                                                                                                         
Curtis                     3100                                                                                                                                                                         
Trenna                     3500                                                                                                                                                                         
Diana                      4200                                                                                                                                                                         
Jennifer                   4400                                                                                                                                                                         
Kevin                      5800                                                                                                                                                                         
Bruce                      6000                                                                                                                                                                         
Pat                        6000                                                                                                                                                                         
Kimerely                   7000                                                                                                                                                                         
William                    8300                                                                                                                                                                         
Jonathon                   8600                                                                                                                                                                         
Alexander                  9000                                                                                                                                                                         
Eleni                     10500                                                                                                                                                                         
Ellen                     11000                                                                                                                                                                         
Shelley                   12000                                                                                                                                                                         
Michael                   13000                                                                                                                                                                         
Neena                     17000                                                                                                                                                                         
Lex                       17000                                                                                                                                                                         
Steven                    24000                                                                                                                                                                         

20 rows selected.

SQL> SELECT FIRST_NAME , SALARY "Monthly Payment" FROM EMPLOYEES ORDER BY Monthly Payment;
SELECT FIRST_NAME , SALARY "Monthly Payment" FROM EMPLOYEES ORDER BY Monthly Payment
                                                                             *
ERROR at line 1:
ORA-00933: SQL command not properly ended 


SQL> SELECT FIRST_NAME , SALARY "Monthly Payment" FROM EMPLOYEES ORDER BY "Monthly PAYMENT";
SELECT FIRST_NAME , SALARY "Monthly Payment" FROM EMPLOYEES ORDER BY "Monthly PAYMENT"
                                                                     *
ERROR at line 1:
ORA-00904: "Monthly PAYMENT": invalid identifier 


SQL> SELECT FIRST_NAME , SALARY "Monthly Payment" FROM EMPLOYEES ORDER BY "MonthlyPayment";
SELECT FIRST_NAME , SALARY "Monthly Payment" FROM EMPLOYEES ORDER BY "MonthlyPayment"
                                                                     *
ERROR at line 1:
ORA-00904: "MonthlyPayment": invalid identifier 


SQL> SELECT FIRST_NAME , COMMISSION_PCT FROM EMPLOYEES;

FIRST_NAME      COMMISSION_PCT                                                                                                                                                                          
--------------- --------------                                                                                                                                                                          
Steven                                                                                                                                                                                                  
Neena                                                                                                                                                                                                   
Lex                                                                                                                                                                                                     
Alexander                                                                                                                                                                                               
Bruce                                                                                                                                                                                                   
Diana                                                                                                                                                                                                   
Kevin                                                                                                                                                                                                   
Trenna                                                                                                                                                                                                  
Curtis                                                                                                                                                                                                  
Randall                                                                                                                                                                                                 
Peter                                                                                                                                                                                                   
Eleni                       .2                                                                                                                                                                          
Ellen                       .3                                                                                                                                                                          
Jonathon                    .3                                                                                                                                                                          
Kimerely                   .15                                                                                                                                                                          
Jennifer                                                                                                                                                                                                
Michael                                                                                                                                                                                                 
Pat                                                                                                                                                                                                     
Shelley                                                                                                                                                                                                 
William                                                                                                                                                                                                 

20 rows selected.

SQL> SELECT FIRST_NAME , COMMISSION_PCT FROM EMPLOYEES ORDER BY 2;

FIRST_NAME      COMMISSION_PCT                                                                                                                                                                          
--------------- --------------                                                                                                                                                                          
Kimerely                   .15                                                                                                                                                                          
Eleni                       .2                                                                                                                                                                          
Jonathon                    .3                                                                                                                                                                          
Ellen                       .3                                                                                                                                                                          
Bruce                                                                                                                                                                                                   
Diana                                                                                                                                                                                                   
Kevin                                                                                                                                                                                                   
Trenna                                                                                                                                                                                                  
Curtis                                                                                                                                                                                                  
Randall                                                                                                                                                                                                 
Peter                                                                                                                                                                                                   
Jennifer                                                                                                                                                                                                
Michael                                                                                                                                                                                                 
Pat                                                                                                                                                                                                     
Shelley                                                                                                                                                                                                 
Alexander                                                                                                                                                                                               
Lex                                                                                                                                                                                                     
William                                                                                                                                                                                                 
Steven                                                                                                                                                                                                  
Neena                                                                                                                                                                                                   

20 rows selected.

SQL> REM NULL IS CONSIDERED AS BIGGEST/HIGHEST VALUE.
SQL> 
SQL> SELECT FIRST_NAME , COMMISSION_PCT FROM EMPLOYEES ORDER BY 2 DESC;

FIRST_NAME      COMMISSION_PCT                                                                                                                                                                          
--------------- --------------                                                                                                                                                                          
Steven                                                                                                                                                                                                  
William                                                                                                                                                                                                 
Lex                                                                                                                                                                                                     
Alexander                                                                                                                                                                                               
Bruce                                                                                                                                                                                                   
Diana                                                                                                                                                                                                   
Kevin                                                                                                                                                                                                   
Trenna                                                                                                                                                                                                  
Curtis                                                                                                                                                                                                  
Randall                                                                                                                                                                                                 
Peter                                                                                                                                                                                                   
Neena                                                                                                                                                                                                   
Shelley                                                                                                                                                                                                 
Pat                                                                                                                                                                                                     
Michael                                                                                                                                                                                                 
Jennifer                                                                                                                                                                                                
Jonathon                    .3                                                                                                                                                                          
Ellen                       .3                                                                                                                                                                          
Eleni                       .2                                                                                                                                                                          
Kimerely                   .15                                                                                                                                                                          

20 rows selected.

SQL> SELECT FIRST_NAME , COMMISSION_PCT FROM EMPLOYEES ORDER BY 2 NULLS FIRST;

FIRST_NAME      COMMISSION_PCT                                                                                                                                                                          
--------------- --------------                                                                                                                                                                          
Steven                                                                                                                                                                                                  
William                                                                                                                                                                                                 
Lex                                                                                                                                                                                                     
Alexander                                                                                                                                                                                               
Bruce                                                                                                                                                                                                   
Diana                                                                                                                                                                                                   
Kevin                                                                                                                                                                                                   
Trenna                                                                                                                                                                                                  
Curtis                                                                                                                                                                                                  
Randall                                                                                                                                                                                                 
Peter                                                                                                                                                                                                   
Neena                                                                                                                                                                                                   
Shelley                                                                                                                                                                                                 
Pat                                                                                                                                                                                                     
Michael                                                                                                                                                                                                 
Jennifer                                                                                                                                                                                                
Kimerely                   .15                                                                                                                                                                          
Eleni                       .2                                                                                                                                                                          
Jonathon                    .3                                                                                                                                                                          
Ellen                       .3                                                                                                                                                                          

20 rows selected.

SQL> SELECT FIRST_NAME , COMMISSION_PCT FROM EMPLOYEES ORDER BY 2 DESC NULLS LAST;

FIRST_NAME      COMMISSION_PCT                                                                                                                                                                          
--------------- --------------                                                                                                                                                                          
Jonathon                    .3                                                                                                                                                                          
Ellen                       .3                                                                                                                                                                          
Eleni                       .2                                                                                                                                                                          
Kimerely                   .15                                                                                                                                                                          
Bruce                                                                                                                                                                                                   
Diana                                                                                                                                                                                                   
Kevin                                                                                                                                                                                                   
Trenna                                                                                                                                                                                                  
Curtis                                                                                                                                                                                                  
Randall                                                                                                                                                                                                 
Peter                                                                                                                                                                                                   
Jennifer                                                                                                                                                                                                
Michael                                                                                                                                                                                                 
Pat                                                                                                                                                                                                     
Shelley                                                                                                                                                                                                 
Alexander                                                                                                                                                                                               
Lex                                                                                                                                                                                                     
William                                                                                                                                                                                                 
Steven                                                                                                                                                                                                  
Neena                                                                                                                                                                                                   

20 rows selected.

SQL> REM ORDER BY : COLUMN NAME/POSITION/ALIAS ASC/DESC NULLS FIRST/LAST,...
SQL> 
SQL> SELECT FIRST_NAME , SALARY * 12 "Yearly Salary" FROM EMPLOYEES ORDER BY "Yearly Salary";

FIRST_NAME      Yearly Salary                                                                                                                                                                           
--------------- -------------                                                                                                                                                                           
Peter                   30000                                                                                                                                                                           
Randall                 31200                                                                                                                                                                           
Curtis                  37200                                                                                                                                                                           
Trenna                  42000                                                                                                                                                                           
Diana                   50400                                                                                                                                                                           
Jennifer                52800                                                                                                                                                                           
Kevin                   69600                                                                                                                                                                           
Bruce                   72000                                                                                                                                                                           
Pat                     72000                                                                                                                                                                           
Kimerely                84000                                                                                                                                                                           
William                 99600                                                                                                                                                                           
Jonathon               103200                                                                                                                                                                           
Alexander              108000                                                                                                                                                                           
Eleni                  126000                                                                                                                                                                           
Ellen                  132000                                                                                                                                                                           
Shelley                144000                                                                                                                                                                           
Michael                156000                                                                                                                                                                           
Neena                  204000                                                                                                                                                                           
Lex                    204000                                                                                                                                                                           
Steven                 288000                                                                                                                                                                           

20 rows selected.

SQL> SELECT FIRST_NAME , SALARY * 12 "Yearly Salary" FROM EMPLOYEES ORDER BY SALARY;

FIRST_NAME      Yearly Salary                                                                                                                                                                           
--------------- -------------                                                                                                                                                                           
Peter                   30000                                                                                                                                                                           
Randall                 31200                                                                                                                                                                           
Curtis                  37200                                                                                                                                                                           
Trenna                  42000                                                                                                                                                                           
Diana                   50400                                                                                                                                                                           
Jennifer                52800                                                                                                                                                                           
Kevin                   69600                                                                                                                                                                           
Bruce                   72000                                                                                                                                                                           
Pat                     72000                                                                                                                                                                           
Kimerely                84000                                                                                                                                                                           
William                 99600                                                                                                                                                                           
Jonathon               103200                                                                                                                                                                           
Alexander              108000                                                                                                                                                                           
Eleni                  126000                                                                                                                                                                           
Ellen                  132000                                                                                                                                                                           
Shelley                144000                                                                                                                                                                           
Michael                156000                                                                                                                                                                           
Neena                  204000                                                                                                                                                                           
Lex                    204000                                                                                                                                                                           
Steven                 288000                                                                                                                                                                           

20 rows selected.

SQL> SELECT FIRST_NAME , SALARY * 12 "Yearly Salary" FROM EMPLOYEES ORDER BY SALARY * 12;

FIRST_NAME      Yearly Salary                                                                                                                                                                           
--------------- -------------                                                                                                                                                                           
Peter                   30000                                                                                                                                                                           
Randall                 31200                                                                                                                                                                           
Curtis                  37200                                                                                                                                                                           
Trenna                  42000                                                                                                                                                                           
Diana                   50400                                                                                                                                                                           
Jennifer                52800                                                                                                                                                                           
Kevin                   69600                                                                                                                                                                           
Bruce                   72000                                                                                                                                                                           
Pat                     72000                                                                                                                                                                           
Kimerely                84000                                                                                                                                                                           
William                 99600                                                                                                                                                                           
Jonathon               103200                                                                                                                                                                           
Alexander              108000                                                                                                                                                                           
Eleni                  126000                                                                                                                                                                           
Ellen                  132000                                                                                                                                                                           
Shelley                144000                                                                                                                                                                           
Michael                156000                                                                                                                                                                           
Neena                  204000                                                                                                                                                                           
Lex                    204000                                                                                                                                                                           
Steven                 288000                                                                                                                                                                           

20 rows selected.

SQL> SELECT FIRST_NAME , SALARY * 12 "Yearly Salary" FROM EMPLOYEES ORDER BY 2;

FIRST_NAME      Yearly Salary                                                                                                                                                                           
--------------- -------------                                                                                                                                                                           
Peter                   30000                                                                                                                                                                           
Randall                 31200                                                                                                                                                                           
Curtis                  37200                                                                                                                                                                           
Trenna                  42000                                                                                                                                                                           
Diana                   50400                                                                                                                                                                           
Jennifer                52800                                                                                                                                                                           
Kevin                   69600                                                                                                                                                                           
Bruce                   72000                                                                                                                                                                           
Pat                     72000                                                                                                                                                                           
Kimerely                84000                                                                                                                                                                           
William                 99600                                                                                                                                                                           
Jonathon               103200                                                                                                                                                                           
Alexander              108000                                                                                                                                                                           
Eleni                  126000                                                                                                                                                                           
Ellen                  132000                                                                                                                                                                           
Shelley                144000                                                                                                                                                                           
Michael                156000                                                                                                                                                                           
Neena                  204000                                                                                                                                                                           
Lex                    204000                                                                                                                                                                           
Steven                 288000                                                                                                                                                                           

20 rows selected.

SQL> REM SORTING ON MULTIPLE COLUMNS
SQL> 
SQL> SELECT DEPARTMENT_ID , FIRST_NAME FROM EMPLOYEES ORDER BY 1;

DEPARTMENT_ID FIRST_NAME                                                                                                                                                                                
------------- ---------------                                                                                                                                                                           
           10 Jennifer                                                                                                                                                                                  
           20 Michael                                                                                                                                                                                   
           20 Pat                                                                                                                                                                                       
           50 Kevin                                                                                                                                                                                     
           50 Peter                                                                                                                                                                                     
           50 Randall                                                                                                                                                                                   
           50 Curtis                                                                                                                                                                                    
           50 Trenna                                                                                                                                                                                    
           60 Diana                                                                                                                                                                                     
           60 Bruce                                                                                                                                                                                     
           60 Alexander                                                                                                                                                                                 
           80 Ellen                                                                                                                                                                                     
           80 Eleni                                                                                                                                                                                     
           80 Jonathon                                                                                                                                                                                  
           90 Lex                                                                                                                                                                                       
           90 Steven                                                                                                                                                                                    
           90 Neena                                                                                                                                                                                     
          110 William                                                                                                                                                                                   
          110 Shelley                                                                                                                                                                                   
              Kimerely                                                                                                                                                                                  

20 rows selected.

SQL> SELECT DEPARTMENT_ID , FIRST_NAME FROM EMPLOYEES ORDER BY 1,2;

DEPARTMENT_ID FIRST_NAME                                                                                                                                                                                
------------- ---------------                                                                                                                                                                           
           10 Jennifer                                                                                                                                                                                  
           20 Michael                                                                                                                                                                                   
           20 Pat                                                                                                                                                                                       
           50 Curtis                                                                                                                                                                                    
           50 Kevin                                                                                                                                                                                     
           50 Peter                                                                                                                                                                                     
           50 Randall                                                                                                                                                                                   
           50 Trenna                                                                                                                                                                                    
           60 Alexander                                                                                                                                                                                 
           60 Bruce                                                                                                                                                                                     
           60 Diana                                                                                                                                                                                     
           80 Eleni                                                                                                                                                                                     
           80 Ellen                                                                                                                                                                                     
           80 Jonathon                                                                                                                                                                                  
           90 Lex                                                                                                                                                                                       
           90 Neena                                                                                                                                                                                     
           90 Steven                                                                                                                                                                                    
          110 Shelley                                                                                                                                                                                   
          110 William                                                                                                                                                                                   
              Kimerely                                                                                                                                                                                  

20 rows selected.

SQL> SELECT DEPARTMENT_ID , FIRST_NAME FROM EMPLOYEES ORDER BY 1 NULLS FIRST, 2;

DEPARTMENT_ID FIRST_NAME                                                                                                                                                                                
------------- ---------------                                                                                                                                                                           
              Kimerely                                                                                                                                                                                  
           10 Jennifer                                                                                                                                                                                  
           20 Michael                                                                                                                                                                                   
           20 Pat                                                                                                                                                                                       
           50 Curtis                                                                                                                                                                                    
           50 Kevin                                                                                                                                                                                     
           50 Peter                                                                                                                                                                                     
           50 Randall                                                                                                                                                                                   
           50 Trenna                                                                                                                                                                                    
           60 Alexander                                                                                                                                                                                 
           60 Bruce                                                                                                                                                                                     
           60 Diana                                                                                                                                                                                     
           80 Eleni                                                                                                                                                                                     
           80 Ellen                                                                                                                                                                                     
           80 Jonathon                                                                                                                                                                                  
           90 Lex                                                                                                                                                                                       
           90 Neena                                                                                                                                                                                     
           90 Steven                                                                                                                                                                                    
          110 Shelley                                                                                                                                                                                   
          110 William                                                                                                                                                                                   

20 rows selected.

SQL> SELECT DEPARTMENT_ID , FIRST_NAME FROM EMPLOYEES ORDER BY 1 NULLS FIRST, 2 DESC;

DEPARTMENT_ID FIRST_NAME                                                                                                                                                                                
------------- ---------------                                                                                                                                                                           
              Kimerely                                                                                                                                                                                  
           10 Jennifer                                                                                                                                                                                  
           20 Pat                                                                                                                                                                                       
           20 Michael                                                                                                                                                                                   
           50 Trenna                                                                                                                                                                                    
           50 Randall                                                                                                                                                                                   
           50 Peter                                                                                                                                                                                     
           50 Kevin                                                                                                                                                                                     
           50 Curtis                                                                                                                                                                                    
           60 Diana                                                                                                                                                                                     
           60 Bruce                                                                                                                                                                                     
           60 Alexander                                                                                                                                                                                 
           80 Jonathon                                                                                                                                                                                  
           80 Ellen                                                                                                                                                                                     
           80 Eleni                                                                                                                                                                                     
           90 Steven                                                                                                                                                                                    
           90 Neena                                                                                                                                                                                     
           90 Lex                                                                                                                                                                                       
          110 William                                                                                                                                                                                   
          110 Shelley                                                                                                                                                                                   

20 rows selected.

SQL> SELECT MANAGER_ID , JOB_ID FROM EMPLOYEES;

MANAGER_ID JOB_ID                                                                                                                                                                                       
---------- ----------                                                                                                                                                                                   
       205 AC_ACCOUNT                                                                                                                                                                                   
       101 AC_MGR                                                                                                                                                                                       
       101 AD_ASST                                                                                                                                                                                      
           AD_PRES                                                                                                                                                                                      
       100 AD_VP                                                                                                                                                                                        
       100 AD_VP                                                                                                                                                                                        
       102 IT_PROG                                                                                                                                                                                      
       103 IT_PROG                                                                                                                                                                                      
       103 IT_PROG                                                                                                                                                                                      
       100 MK_MAN                                                                                                                                                                                       
       201 MK_REP                                                                                                                                                                                       
       100 SA_MAN                                                                                                                                                                                       
       149 SA_REP                                                                                                                                                                                       
       149 SA_REP                                                                                                                                                                                       
       149 SA_REP                                                                                                                                                                                       
       124 ST_CLERK                                                                                                                                                                                     
       124 ST_CLERK                                                                                                                                                                                     
       124 ST_CLERK                                                                                                                                                                                     
       124 ST_CLERK                                                                                                                                                                                     
       100 ST_MAN                                                                                                                                                                                       

20 rows selected.

SQL> SELECT MANAGER_ID , JOB_ID FROM EMPLOYEES ORDER BY 1 NULLS FIRST, 2;

MANAGER_ID JOB_ID                                                                                                                                                                                       
---------- ----------                                                                                                                                                                                   
           AD_PRES                                                                                                                                                                                      
       100 AD_VP                                                                                                                                                                                        
       100 AD_VP                                                                                                                                                                                        
       100 MK_MAN                                                                                                                                                                                       
       100 SA_MAN                                                                                                                                                                                       
       100 ST_MAN                                                                                                                                                                                       
       101 AC_MGR                                                                                                                                                                                       
       101 AD_ASST                                                                                                                                                                                      
       102 IT_PROG                                                                                                                                                                                      
       103 IT_PROG                                                                                                                                                                                      
       103 IT_PROG                                                                                                                                                                                      
       124 ST_CLERK                                                                                                                                                                                     
       124 ST_CLERK                                                                                                                                                                                     
       124 ST_CLERK                                                                                                                                                                                     
       124 ST_CLERK                                                                                                                                                                                     
       149 SA_REP                                                                                                                                                                                       
       149 SA_REP                                                                                                                                                                                       
       149 SA_REP                                                                                                                                                                                       
       201 MK_REP                                                                                                                                                                                       
       205 AC_ACCOUNT                                                                                                                                                                                   

20 rows selected.

SQL> SELECT MANAGER_ID , JOB_ID FROM EMPLOYEES ORDER BY 2,1;

MANAGER_ID JOB_ID                                                                                                                                                                                       
---------- ----------                                                                                                                                                                                   
       205 AC_ACCOUNT                                                                                                                                                                                   
       101 AC_MGR                                                                                                                                                                                       
       101 AD_ASST                                                                                                                                                                                      
           AD_PRES                                                                                                                                                                                      
       100 AD_VP                                                                                                                                                                                        
       100 AD_VP                                                                                                                                                                                        
       102 IT_PROG                                                                                                                                                                                      
       103 IT_PROG                                                                                                                                                                                      
       103 IT_PROG                                                                                                                                                                                      
       100 MK_MAN                                                                                                                                                                                       
       201 MK_REP                                                                                                                                                                                       
       100 SA_MAN                                                                                                                                                                                       
       149 SA_REP                                                                                                                                                                                       
       149 SA_REP                                                                                                                                                                                       
       149 SA_REP                                                                                                                                                                                       
       124 ST_CLERK                                                                                                                                                                                     
       124 ST_CLERK                                                                                                                                                                                     
       124 ST_CLERK                                                                                                                                                                                     
       124 ST_CLERK                                                                                                                                                                                     
       100 ST_MAN                                                                                                                                                                                       

20 rows selected.

SQL> SPOOL OFF
